customer_code,customer_name,recency_days,frequency,monetary,R_score,F_score,M_score,purchase_priority_score,priority_tier,churn_risk,dealer_segment,recommended_action,risk_reason,priority_reason
KH-00173,DOANH NGHIỆP TW PHÚ THỊNH,371,21,1582007777.0,1,5,5,0.44658268694725534,C - Medium,HIGH,Giá trị cao nhưng giảm hoạt động,Liên hệ tái kích hoạt trong 7 ngày,Doanh thu lịch sử cao nhưng đã lâu chưa mua,"R=1, F=5, M=5, score=0.45"
KH-00057,CÔNG TY CỔ PHẦN THƯƠNG MẠI TOÀN THẮNG,367,5,563575152.0,2,4,5,0.3931284835649602,C - Medium,HIGH,Giá trị cao nhưng giảm hoạt động,Liên hệ tái kích hoạt trong 7 ngày,Doanh thu lịch sử cao nhưng đã lâu chưa mua,"R=2, F=4, M=5, score=0.39"
KH-00075,CÔNG TY CỔ PHẦN ĐÔNG NAM,64,7,367627614.0,2,5,5,0.557971770926364,B - High,HIGH,Giá trị cao nhưng giảm hoạt động,Liên hệ tái kích hoạt trong 7 ngày,Từng mua Q1/2026 nhưng im lặng >= 60 ngày — doanh thu lịch sử cao,"R=2, F=5, M=5, score=0.56"
KH-00132,CÔNG TY TNHH THƯƠNG MẠI HOÀ BÌNH,368,4,341650000.0,2,4,5,0.36264409725167557,C - Medium,HIGH,Giá trị cao nhưng giảm hoạt động,Liên hệ tái kích hoạt trong 7 ngày,Doanh thu lịch sử cao nhưng đã lâu chưa mua,"R=2, F=4, M=5, score=0.36"
KH-00098,HỘ KINH DOANH MẶT TRỜI,378,3,302480000.0,1,3,5,0.32881172151587323,C - Medium,HIGH,Giá trị cao nhưng giảm hoạt động,Liên hệ tái kích hoạt trong 7 ngày,Doanh thu lịch sử cao nhưng đã lâu chưa mua,"R=1, F=3, M=5, score=0.33"
KH-00040,CÔNG TY TNHH VẠN LỢI,367,3,293400000.0,2,3,5,0.32795754339402006,C - Medium,HIGH,Giá trị cao nhưng giảm hoạt động,Liên hệ tái kích hoạt trong 7 ngày,Doanh thu lịch sử cao nhưng đã lâu chưa mua,"R=2, F=3, M=5, score=0.33"
KH-00491,CÔNG TY TNHH PHÚC AN,62,2,283026601.0,2,3,5,0.477076018739712,C - Medium,HIGH,Giá trị cao nhưng giảm hoạt động,Liên hệ tái kích hoạt trong 7 ngày,Từng mua Q1/2026 nhưng im lặng >= 60 ngày — doanh thu lịch sử cao,"R=2, F=3, M=5, score=0.48"
KH-00334,HỘ KINH DOANH YÊN BÌNH,84,2,244805554.0,2,3,5,0.44920374983905415,C - Medium,HIGH,Giá trị cao nhưng giảm hoạt động,Liên hệ tái kích hoạt trong 7 ngày,Từng mua Q1/2026 nhưng im lặng >= 60 ngày — doanh thu lịch sử cao,"R=2, F=3, M=5, score=0.45"
KH-00193,CÔNG TY TNHH TÚ ANH,365,4,244765884.0,2,4,5,0.3529576607930553,C - Medium,HIGH,Giá trị cao nhưng giảm hoạt động,Liên hệ tái kích hoạt trong 7 ngày,Doanh thu lịch sử cao nhưng đã lâu chưa mua,"R=2, F=4, M=5, score=0.35"
KH-00277,CÔNG TY CỔ PHẦN THƯƠNG MẠI VĨNH PHÁT,371,2,232490000.0,1,3,5,0.27678211714668555,C - Medium,HIGH,Giá trị cao nhưng giảm hoạt động,Liên hệ tái kích hoạt trong 7 ngày,Doanh thu lịch sử cao nhưng đã lâu chưa mua,"R=1, F=3, M=5, score=0.28"
KH-00104,DOANH NGHIỆP TW THUỶ TIÊN,371,3,226215286.0,1,3,5,0.319695222559791,C - Medium,HIGH,Giá trị cao nhưng giảm hoạt động,Liên hệ tái kích hoạt trong 7 ngày,Doanh thu lịch sử cao nhưng đã lâu chưa mua,"R=1, F=3, M=5, score=0.32"
KH-00067,DOANH NGHIỆP TW NGỌC ANH,365,9,213946302.0,2,5,5,0.4022454100808046,C - Medium,HIGH,Giá trị cao nhưng giảm hoạt động,Liên hệ tái kích hoạt trong 7 ngày,Doanh thu lịch sử cao nhưng đã lâu chưa mua,"R=2, F=5, M=5, score=0.4"
KH-00097,CÔNG TY TNHH XUÂN MAI,365,8,199350113.0,2,5,5,0.39555025338564787,C - Medium,HIGH,Giá trị cao nhưng giảm hoạt động,Liên hệ tái kích hoạt trong 7 ngày,Doanh thu lịch sử cao nhưng đã lâu chưa mua,"R=2, F=5, M=5, score=0.4"
KH-00130,CÔNG TY CỔ PHẦN THƯƠNG MẠI THUỶ TIÊN,365,5,191180000.0,2,4,5,0.36321407104946557,C - Medium,HIGH,Giá trị cao nhưng giảm hoạt động,Liên hệ tái kích hoạt trong 7 ngày,Doanh thu lịch sử cao nhưng đã lâu chưa mua,"R=2, F=4, M=5, score=0.36"
KH-00427,CÔNG TY CỔ PHẦN THƯƠNG MẠI TÚ ANH,66,1,110648148.0,2,2,4,0.3591514757971872,C - Medium,HIGH,Giá trị cao nhưng giảm hoạt động,Liên hệ tái kích hoạt trong 7 ngày,Từng mua trong Q1/2026 nhưng im lặng từ 60 ngày trở lên,"R=2, F=2, M=4, score=0.36"
KH-00499,CÔNG TY CỔ PHẦN THƯƠNG MẠI TÚ ANH,63,1,96427756.0,2,2,4,0.35439821142700517,C - Medium,HIGH,Giá trị cao nhưng giảm hoạt động,Liên hệ tái kích hoạt trong 7 ngày,Từng mua trong Q1/2026 nhưng im lặng từ 60 ngày trở lên,"R=2, F=2, M=4, score=0.35"
KH-00406,CÔNG TY CỔ PHẦN THƯƠNG MẠI LONG PHÚ,68,1,82642778.0,2,2,3,0.33528284401688374,C - Medium,HIGH,Giá trị cao nhưng giảm hoạt động,Liên hệ tái kích hoạt trong 7 ngày,Từng mua trong Q1/2026 nhưng im lặng từ 60 ngày trở lên,"R=2, F=2, M=3, score=0.34"
KH-00421,DOANH NGHIỆP TW YÊN BÌNH,67,1,75644986.0,2,2,3,0.32939005144364925,C - Medium,HIGH,Giá trị cao nhưng giảm hoạt động,Liên hệ tái kích hoạt trong 7 ngày,Từng mua trong Q1/2026 nhưng im lặng từ 60 ngày trở lên,"R=2, F=2, M=3, score=0.33"
KH-00340,CÔNG TY TNHH THANH BÌNH,64,3,74108412.0,2,3,3,0.44277230397249506,C - Medium,HIGH,Giá trị cao nhưng giảm hoạt động,Liên hệ tái kích hoạt trong 7 ngày,Từng mua trong Q1/2026 nhưng im lặng từ 60 ngày trở lên,"R=2, F=3, M=3, score=0.44"
KH-00341,CỬA HÀNG XE ĐẠP VIỆT ANH,46,5,1019915422.0,3,4,5,0.624644965799228,B - High,MEDIUM,Theo dõi thêm,Theo dõi thêm,Bắt đầu có dấu hiệu giảm nhịp mua,"R=3, F=4, M=5, score=0.62"
KH-00217,DOANH NGHIỆP TW ĐẠI DƯƠNG,30,9,562011596.0,3,5,5,0.7504408205118377,A - Top,MEDIUM,Tăng trưởng,"Duy trì đà tăng, ưu tiên sản phẩm chiến lược",Bắt đầu có dấu hiệu giảm nhịp mua,"R=3, F=5, M=5, score=0.75"
KH-00415,DOANH NGHIỆP TW KHẢI HOÀN,30,6,486442458.0,3,5,5,0.6815711947233952,B - High,MEDIUM,Theo dõi thêm,Theo dõi thêm,Bắt đầu có dấu hiệu giảm nhịp mua,"R=3, F=5, M=5, score=0.68"
KH-00342,HỘ KINH DOANH VĨNH PHÁT,33,5,368069456.0,3,4,5,0.6519393522288008,B - High,MEDIUM,Theo dõi thêm,Theo dõi thêm,Bắt đầu có dấu hiệu giảm nhịp mua,"R=3, F=4, M=5, score=0.65"
KH-00658,DOANH NGHIỆP TW VĨNH PHÁT,33,2,364403087.0,3,3,5,0.5555362183256669,B - High,MEDIUM,Theo dõi thêm,Theo dõi thêm,Bắt đầu có dấu hiệu giảm nhịp mua,"R=3, F=3, M=5, score=0.56"
KH-00169,CÔNG TY TNHH THƯƠNG MẠI VĨNH PHÁT,46,5,361208822.0,3,4,5,0.6595452506995129,B - High,MEDIUM,Tăng trưởng,"Duy trì đà tăng, ưu tiên sản phẩm chiến lược",Bắt đầu có dấu hiệu giảm nhịp mua,"R=3, F=4, M=5, score=0.66"
KH-00172,CỬA HÀNG XE ĐẠP XÂY DỰNG,31,3,352444443.0,3,3,5,0.572873651343174,B - High,MEDIUM,Theo dõi thêm,Theo dõi thêm,Bắt đầu có dấu hiệu giảm nhịp mua,"R=3, F=3, M=5, score=0.57"
KH-00078,HỘ KINH DOANH VĨNH PHÁT,59,17,301886045.0,3,5,5,0.5894413762109787,B - High,MEDIUM,Theo dõi thêm,Theo dõi thêm,Bắt đầu có dấu hiệu giảm nhịp mua,"R=3, F=5, M=5, score=0.59"
KH-00161,CÔNG TY TNHH THIÊN AN,369,3,182845338.0,2,3,4,0.3097238153327843,C - Medium,MEDIUM,Theo dõi thêm,Theo dõi thêm,Đang hoạt động hoặc rủi ro thấp,"R=2, F=3, M=4, score=0.31"
KH-00626,CÔNG TY TNHH AN PHÁT,52,1,167804584.0,3,2,4,0.4067148508866037,C - Medium,MEDIUM,Theo dõi thêm,Theo dõi thêm,Bắt đầu có dấu hiệu giảm nhịp mua,"R=3, F=2, M=4, score=0.41"
KH-00198,CÔNG TY TNHH TRÍ ĐỨC,371,4,161705220.0,1,4,4,0.33529351315808154,C - Medium,MEDIUM,Theo dõi thêm,Theo dõi thêm,Đang hoạt động hoặc rủi ro thấp,"R=1, F=4, M=4, score=0.34"
KH-00343,CÔNG TY CỔ PHẦN THƯƠNG MẠI THUỶ TIÊN,46,2,157208843.0,3,3,4,0.48322758688184914,C - Medium,MEDIUM,Theo dõi thêm,Theo dõi thêm,Bắt đầu có dấu hiệu giảm nhịp mua,"R=3, F=3, M=4, score=0.48"
KH-00519,CÔNG TY CỔ PHẦN XUÂN MAI,32,3,155462755.0,3,4,4,0.5719139393630084,B - High,MEDIUM,Theo dõi thêm,Theo dõi thêm,Bắt đầu có dấu hiệu giảm nhịp mua,"R=3, F=4, M=4, score=0.57"
KH-00256,CÔNG TY TNHH XUÂN MAI,365,6,151660000.0,2,5,4,0.36435367218906667,C - Medium,MEDIUM,Theo dõi thêm,Theo dõi thêm,Đang hoạt động hoặc rủi ro thấp,"R=2, F=5, M=4, score=0.36"
KH-00197,CÔNG TY TNHH THƯƠNG MẠI MINH PHƯƠNG,375,2,143952962.0,1,2,4,0.25342010774741364,C - Medium,MEDIUM,Theo dõi thêm,Theo dõi thêm,Đang hoạt động hoặc rủi ro thấp,"R=1, F=2, M=4, score=0.25"
KH-00167,CÔNG TY CỔ PHẦN THƯƠNG MẠI LÊ ANH,46,5,142484618.0,3,4,4,0.560296208137032,B - High,MEDIUM,Theo dõi thêm,Theo dõi thêm,Bắt đầu có dấu hiệu giảm nhịp mua,"R=3, F=4, M=4, score=0.56"
KH-00083,CÔNG TY CỔ PHẦN THƯƠNG MẠI THANH BÌNH,377,2,141400000.0,1,2,4,0.25199552220282767,C - Medium,MEDIUM,Theo dõi thêm,Theo dõi thêm,Đang hoạt động hoặc rủi ro thấp,"R=1, F=2, M=4, score=0.25"
KH-00155,DOANH NGHIỆP TW HÙNG CƯỜNG,368,4,140009520.0,2,4,4,0.32532215992973823,C - Medium,MEDIUM,Theo dõi thêm,Theo dõi thêm,Đang hoạt động hoặc rủi ro thấp,"R=2, F=4, M=4, score=0.33"
KH-00089,HỘ KINH DOANH TOÀN THẮNG,410,1,138392643.0,1,1,4,0.1826214887932169,D - Low,MEDIUM,Theo dõi thêm,Theo dõi thêm,Đang hoạt động hoặc rủi ro thấp,"R=1, F=1, M=4, score=0.18"
KH-00264,DOANH NGHIỆP TW NGỌC ANH,371,3,131871676.0,1,3,4,0.29092029378486217,C - Medium,MEDIUM,Theo dõi thêm,Theo dõi thêm,Đang hoạt động hoặc rủi ro thấp,"R=1, F=3, M=4, score=0.29"
KH-00247,HỘ KINH DOANH NGỌC ANH,374,1,126890000.0,1,1,4,0.17863382717145515,D - Low,MEDIUM,Theo dõi thêm,Theo dõi thêm,Đang hoạt động hoặc rủi ro thấp,"R=1, F=1, M=4, score=0.18"
KH-00020,DOANH NGHIỆP TW TRƯỜNG THỊNH,444,1,124583332.0,1,1,4,0.17777790854825606,D - Low,MEDIUM,Theo dõi thêm,Theo dõi thêm,Đang hoạt động hoặc rủi ro thấp,"R=1, F=1, M=4, score=0.18"
KH-00139,HỘ KINH DOANH YÊN BÌNH,365,3,124298146.0,2,3,4,0.2877867206221151,C - Medium,MEDIUM,Theo dõi thêm,Theo dõi thêm,Đang hoạt động hoặc rủi ro thấp,"R=2, F=3, M=4, score=0.29"
KH-00628,CỬA HÀNG XE ĐẠP PHÚ THỊNH,30,2,122498308.0,3,3,4,0.5216352972874978,B - High,MEDIUM,Theo dõi thêm,Theo dõi thêm,Bắt đầu có dấu hiệu giảm nhịp mua,"R=3, F=3, M=4, score=0.52"
KH-00208,CỬA HÀNG XE ĐẠP TÂY BẮC,371,5,121615286.0,1,4,4,0.33700291486748324,C - Medium,MEDIUM,Theo dõi thêm,Theo dõi thêm,Đang hoạt động hoặc rủi ro thấp,"R=1, F=4, M=4, score=0.34"
KH-00062,CÔNG TY CỔ PHẦN YÊN BÌNH,365,2,119540000.0,2,2,4,0.24145481179020628,C - Medium,MEDIUM,Theo dõi thêm,Theo dõi thêm,Đang hoạt động hoặc rủi ro thấp,"R=2, F=2, M=4, score=0.24"
KH-00396,CÔNG TY CỔ PHẦN VIỆT ANH,46,2,119042822.0,3,3,4,0.4667033703576326,C - Medium,MEDIUM,Theo dõi thêm,Theo dõi thêm,Bắt đầu có dấu hiệu giảm nhịp mua,"R=3, F=3, M=4, score=0.47"
KH-00251,HỘ KINH DOANH KHẢI HOÀN,368,3,119020000.0,2,3,4,0.2852224448300231,C - Medium,MEDIUM,Theo dõi thêm,Theo dõi thêm,Đang hoạt động hoặc rủi ro thấp,"R=2, F=3, M=4, score=0.29"
KH-00696,CÔNG TY TNHH THƯƠNG MẠI PHÚ THỊNH,32,2,118360054.0,3,3,4,0.5110521160011849,B - High,MEDIUM,Theo dõi thêm,Theo dõi thêm,Bắt đầu có dấu hiệu giảm nhịp mua,"R=3, F=3, M=4, score=0.51"
KH-00698,CÔNG TY CỔ PHẦN THƯƠNG MẠI HÙNG CƯỜNG,32,1,118223676.0,3,2,4,0.4445278994769684,C - Medium,MEDIUM,Theo dõi thêm,Theo dõi thêm,Bắt đầu có dấu hiệu giảm nhịp mua,"R=3, F=2, M=4, score=0.44"
KH-00265,CÔNG TY TNHH THƯƠNG MẠI PHÚC AN,371,2,115376430.0,1,3,4,0.23889037925494766,C - Medium,MEDIUM,Theo dõi thêm,Theo dõi thêm,Đang hoạt động hoặc rủi ro thấp,"R=1, F=3, M=4, score=0.24"
KH-00483,HỘ KINH DOANH VẠN LỢI,32,2,113284416.0,3,3,4,0.5082031131521821,B - High,MEDIUM,Theo dõi thêm,Theo dõi thêm,Bắt đầu có dấu hiệu giảm nhịp mua,"R=3, F=3, M=4, score=0.51"
KH-00093,CÔNG TY CỔ PHẦN PHÚC AN,371,4,112430000.0,2,4,4,0.3125014903660588,C - Medium,MEDIUM,Theo dõi thêm,Theo dõi thêm,Đang hoạt động hoặc rủi ro thấp,"R=2, F=4, M=4, score=0.31"
KH-00086,CÔNG TY TNHH NGỌC ANH,372,3,110019361.0,1,3,4,0.27980913381373995,C - Medium,MEDIUM,Theo dõi thêm,Theo dõi thêm,Đang hoạt động hoặc rủi ro thấp,"R=1, F=3, M=4, score=0.28"
KH-00141,CÔNG TY CỔ PHẦN THƯƠNG MẠI TÂN TIẾN,402,1,108820000.0,1,1,4,0.16837659867650762,D - Low,MEDIUM,Theo dõi thêm,Theo dõi thêm,Đang hoạt động hoặc rủi ro thấp,"R=1, F=1, M=4, score=0.17"
KH-00551,CÔNG TY CỔ PHẦN THƯƠNG MẠI SÁN LẠP,55,2,106954977.0,3,3,4,0.4397185948885766,C - Medium,MEDIUM,Theo dõi thêm,Theo dõi thêm,Bắt đầu có dấu hiệu giảm nhịp mua,"R=3, F=3, M=4, score=0.44"
KH-00126,HỘ KINH DOANH HOÀ BÌNH,372,3,106170000.0,1,3,4,0.27781483181943795,C - Medium,MEDIUM,Theo dõi thêm,Theo dõi thêm,Đang hoạt động hoặc rủi ro thấp,"R=1, F=3, M=4, score=0.28"
KH-00207,CỬA HÀNG XE ĐẠP VẠN LỢI,367,3,101357296.0,2,3,4,0.2746811901176668,C - Medium,MEDIUM,Theo dõi thêm,Theo dõi thêm,Đang hoạt động hoặc rủi ro thấp,"R=2, F=3, M=4, score=0.27"
KH-00248,CÔNG TY CỔ PHẦN THƯƠNG MẠI ĐẠI DƯƠNG,368,2,100482859.0,2,2,4,0.2297737268813052,C - Medium,MEDIUM,Theo dõi thêm,Theo dõi thêm,Đang hoạt động hoặc rủi ro thấp,"R=2, F=2, M=4, score=0.23"
KH-00212,CỬA HÀNG XE ĐẠP TÂY BẮC,374,4,99322643.0,1,4,4,0.3045241405617686,C - Medium,MEDIUM,Theo dõi thêm,Theo dõi thêm,Đang hoạt động hoặc rủi ro thấp,"R=1, F=4, M=4, score=0.3"
KH-00140,CÔNG TY TNHH XÂY DỰNG,375,3,98910000.0,1,3,4,0.27297138979869573,C - Medium,MEDIUM,Theo dõi thêm,Theo dõi thêm,Đang hoạt động hoặc rủi ro thấp,"R=1, F=3, M=4, score=0.27"
KH-00687,CÔNG TY CỔ PHẦN THƯƠNG MẠI LÊ ANH,34,1,95224982.0,3,2,4,0.42279935515214667,C - Medium,MEDIUM,Theo dõi thêm,Theo dõi thêm,Bắt đầu có dấu hiệu giảm nhịp mua,"R=3, F=2, M=4, score=0.42"
KH-00461,CÔNG TY TNHH THUỶ TIÊN,53,2,90740740.0,3,3,3,0.434174573839508,C - Medium,MEDIUM,Theo dõi thêm,Theo dõi thêm,Bắt đầu có dấu hiệu giảm nhịp mua,"R=3, F=3, M=3, score=0.43"
KH-00152,HỘ KINH DOANH TRÍ ĐỨC,365,3,89045116.0,2,3,3,0.2669889998243943,C - Medium,MEDIUM,Theo dõi thêm,Theo dõi thêm,Đang hoạt động hoặc rủi ro thấp,"R=2, F=3, M=3, score=0.27"
KH-00241,HỘ KINH DOANH PHÚ THỊNH,371,2,88600000.0,1,2,3,0.22208126244583087,C - Medium,MEDIUM,Theo dõi thêm,Theo dõi thêm,Đang hoạt động hoặc rủi ro thấp,"R=1, F=2, M=3, score=0.22"
KH-00106,CÔNG TY TNHH THƯƠNG MẠI TOÀN THẮNG,405,1,88360000.0,1,1,3,0.15555603539123578,D - Low,MEDIUM,Theo dõi thêm,Theo dõi thêm,Đang hoạt động hoặc rủi ro thấp,"R=1, F=1, M=3, score=0.16"
KH-00235,CÔNG TY CỔ PHẦN THƯƠNG MẠI CHI THÀNH,375,2,87420000.0,1,2,3,0.2203716746989806,C - Medium,MEDIUM,Theo dõi thêm,Theo dõi thêm,Đang hoạt động hoặc rủi ro thấp,"R=1, F=2, M=3, score=0.22"
KH-00100,CỬA HÀNG XE ĐẠP ĐẠI LỢI,374,3,87295102.0,1,3,3,0.26413952517715317,C - Medium,MEDIUM,Theo dõi thêm,Theo dõi thêm,Đang hoạt động hoặc rủi ro thấp,"R=1, F=3, M=3, score=0.26"
KH-00267,CÔNG TY CỔ PHẦN HÙNG CƯỜNG,371,2,85460000.0,1,3,3,0.21951715988172826,C - Medium,MEDIUM,Theo dõi thêm,Theo dõi thêm,Đang hoạt động hoặc rủi ro thấp,"R=1, F=3, M=3, score=0.22"
KH-00225,CÔNG TY TNHH TÂY BẮC,368,2,84160000.0,2,2,3,0.21780791491549323,C - Medium,MEDIUM,Theo dõi thêm,Theo dõi thêm,Đang hoạt động hoặc rủi ro thấp,"R=2, F=2, M=3, score=0.22"
KH-00641,DOANH NGHIỆP TW ĐÔNG NAM,48,1,84074072.0,3,2,3,0.3719458325801806,C - Medium,MEDIUM,Theo dõi thêm,Theo dõi thêm,Bắt đầu có dấu hiệu giảm nhịp mua,"R=3, F=2, M=3, score=0.37"
KH-00266,CỬA HÀNG XE ĐẠP TÂN TIẾN,372,1,83590000.0,1,1,3,0.15071369221829836,D - Low,MEDIUM,Theo dõi thêm,Theo dõi thêm,Đang hoạt động hoặc rủi ro thấp,"R=1, F=1, M=3, score=0.15"
KH-00107,CÔNG TY TNHH LONG PHÚ,368,3,82830000.0,2,3,3,0.2607210203285987,C - Medium,MEDIUM,Theo dõi thêm,Theo dõi thêm,Đang hoạt động hoặc rủi ro thấp,"R=2, F=3, M=3, score=0.26"
KH-00148,HỘ KINH DOANH THUỶ TIÊN,369,4,82782643.0,2,4,3,0.29113407174304073,C - Medium,MEDIUM,Theo dõi thêm,Theo dõi thêm,Đang hoạt động hoặc rủi ro thấp,"R=2, F=4, M=3, score=0.29"
KH-00163,HỘ KINH DOANH XUÂN MAI,365,4,82695483.0,2,4,3,0.2908493986847932,C - Medium,MEDIUM,Theo dõi thêm,Theo dõi thêm,Đang hoạt động hoặc rủi ro thấp,"R=2, F=4, M=3, score=0.29"
KH-00214,DOANH NGHIỆP TW QUANG VINH,371,2,81983500.0,1,2,3,0.21438895475352315,C - Medium,MEDIUM,Theo dõi thêm,Theo dõi thêm,Đang hoạt động hoặc rủi ro thấp,"R=1, F=2, M=3, score=0.21"
KH-00452,CÔNG TY CỔ PHẦN THƯƠNG MẠI BÌNH MINH,50,2,81243320.0,3,3,3,0.42963922452591014,C - Medium,MEDIUM,Theo dõi thêm,Theo dõi thêm,Bắt đầu có dấu hiệu giảm nhịp mua,"R=3, F=3, M=3, score=0.43"
KH-00109,CÔNG TY CỔ PHẦN VẠN LỢI,365,3,80790000.0,2,3,3,0.2570174898528843,C - Medium,MEDIUM,Theo dõi thêm,Theo dõi thêm,Đang hoạt động hoặc rủi ro thấp,"R=2, F=3, M=3, score=0.26"
KH-00154,DOANH NGHIỆP TW VĨNH PHÁT,365,3,80000000.0,2,3,3,0.2564476892830838,C - Medium,MEDIUM,Theo dõi thêm,Theo dõi thêm,Đang hoạt động hoặc rủi ro thấp,"R=2, F=3, M=3, score=0.26"
KH-00120,CÔNG TY TNHH THANH BÌNH,371,2,77920143.0,1,2,3,0.2098305501951186,C - Medium,MEDIUM,Theo dõi thêm,Theo dõi thêm,Đang hoạt động hoặc rủi ro thấp,"R=1, F=2, M=3, score=0.21"
KH-00188,DOANH NGHIỆP TW XÂY DỰNG,378,2,75574075.0,1,2,3,0.2078359380400898,C - Medium,MEDIUM,Theo dõi thêm,Theo dõi thêm,Đang hoạt động hoặc rủi ro thấp,"R=1, F=2, M=3, score=0.21"
KH-00220,CỬA HÀNG XE ĐẠP VIỆT ANH,372,2,74017929.0,1,2,3,0.20641169791630407,C - Medium,MEDIUM,Theo dõi thêm,Theo dõi thêm,Đang hoạt động hoặc rủi ro thấp,"R=1, F=2, M=3, score=0.21"
KH-00111,DOANH NGHIỆP TW MẶT TRỜI,369,2,72628500.0,2,2,3,0.20555714866611763,C - Medium,MEDIUM,Theo dõi thêm,Theo dõi thêm,Đang hoạt động hoặc rủi ro thấp,"R=2, F=2, M=3, score=0.21"
KH-00647,CÔNG TY CỔ PHẦN THƯƠNG MẠI MẶT TRỜI,33,7,71840255.0,3,5,3,0.5893681271575758,B - High,MEDIUM,Theo dõi thêm,Theo dõi thêm,Bắt đầu có dấu hiệu giảm nhịp mua,"R=3, F=5, M=3, score=0.59"
KH-00314,CÔNG TY TNHH THƯƠNG MẠI YÊN BÌNH,368,1,70640000.0,2,1,3,0.13789338500096332,D - Low,MEDIUM,Theo dõi thêm,Theo dõi thêm,Đang hoạt động hoặc rủi ro thấp,"R=2, F=1, M=3, score=0.14"
KH-00276,CÔNG TY TNHH VẠN LỢI,365,2,68110000.0,2,3,3,0.20128387161926614,C - Medium,MEDIUM,Theo dõi thêm,Theo dõi thêm,Đang hoạt động hoặc rủi ro thấp,"R=2, F=3, M=3, score=0.2"
KH-00355,DOANH NGHIỆP TW PHÚC AN,54,3,67620537.0,3,3,3,0.4529044684274128,C - Medium,MEDIUM,Theo dõi thêm,Theo dõi thêm,Bắt đầu có dấu hiệu giảm nhịp mua,"R=3, F=3, M=3, score=0.45"
KH-00186,HỘ KINH DOANH XÂY DỰNG,365,4,67567129.0,2,4,3,0.2757496835850781,C - Medium,MEDIUM,Theo dõi thêm,Theo dõi thêm,Đang hoạt động hoặc rủi ro thấp,"R=2, F=4, M=3, score=0.28"
KH-00142,CÔNG TY TNHH THƯƠNG MẠI CHI THÀNH,365,4,66548500.0,2,4,3,0.27432518216057666,C - Medium,MEDIUM,Theo dõi thêm,Theo dõi thêm,Đang hoạt động hoặc rủi ro thấp,"R=2, F=4, M=3, score=0.27"
KH-00260,CỬA HÀNG XE ĐẠP XUÂN MAI,372,2,66020000.0,1,3,3,0.19843448993909607,C - Medium,MEDIUM,Theo dõi thêm,Theo dõi thêm,Đang hoạt động hoặc rủi ro thấp,"R=1, F=3, M=3, score=0.2"
KH-00301,CÔNG TY TNHH THƯƠNG MẠI THUỶ TIÊN,368,1,64940000.0,2,1,3,0.13191047901805733,D - Low,MEDIUM,Theo dõi thêm,Theo dõi thêm,Đang hoạt động hoặc rủi ro thấp,"R=2, F=1, M=3, score=0.13"
KH-00625,CÔNG TY TNHH MINH PHƯƠNG,52,1,64901093.0,3,2,3,0.34346698763874045,C - Medium,MEDIUM,Theo dõi thêm,Theo dõi thêm,Bắt đầu có dấu hiệu giảm nhịp mua,"R=3, F=2, M=3, score=0.34"
KH-00289,CÔNG TY CỔ PHẦN KHẢI HOÀN,367,3,64680000.0,2,3,3,0.241917657354134,C - Medium,MEDIUM,Theo dõi thêm,Theo dõi thêm,Đang hoạt động hoặc rủi ro thấp,"R=2, F=3, M=3, score=0.24"
KH-00262,CÔNG TY TNHH VIỆT ANH,369,2,64270000.0,2,3,3,0.1967252398342088,C - Medium,MEDIUM,Theo dõi thêm,Theo dõi thêm,Đang hoạt động hoặc rủi ro thấp,"R=2, F=3, M=3, score=0.2"
KH-00199,CỬA HÀNG XE ĐẠP TÚ ANH,372,2,64070000.0,1,2,3,0.1964401879447941,C - Medium,MEDIUM,Theo dõi thêm,Theo dõi thêm,Đang hoạt động hoặc rủi ro thấp,"R=1, F=2, M=3, score=0.2"
KH-00371,CÔNG TY TNHH THƯƠNG MẠI LONG PHÚ,50,3,63901840.0,3,3,3,0.45659791398459965,C - Medium,MEDIUM,Theo dõi thêm,Theo dõi thêm,Bắt đầu có dấu hiệu giảm nhịp mua,"R=3, F=3, M=3, score=0.46"
KH-00035,CỬA HÀNG XE ĐẠP TÂY BẮC,368,4,63200000.0,2,4,3,0.27090620551378386,C - Medium,MEDIUM,Theo dõi thêm,Theo dõi thêm,Đang hoạt động hoặc rủi ro thấp,"R=2, F=4, M=3, score=0.27"
KH-00073,CỬA HÀNG XE ĐẠP KHẢI HOÀN,365,2,62612500.0,2,2,3,0.19530096563636012,D - Low,MEDIUM,Theo dõi thêm,Theo dõi thêm,Đang hoạt động hoặc rủi ro thấp,"R=2, F=2, M=3, score=0.2"
KH-00164,HỘ KINH DOANH XÂY DỰNG,375,2,61750000.0,1,2,3,0.19501554934285525,D - Low,MEDIUM,Theo dõi thêm,Theo dõi thêm,Đang hoạt động hoặc rủi ro thấp,"R=1, F=2, M=3, score=0.2"
KH-00330,CÔNG TY TNHH THIÊN AN,365,1,61560000.0,2,1,3,0.12820694854234305,D - Low,MEDIUM,Theo dõi thêm,Theo dõi thêm,Đang hoạt động hoặc rủi ro thấp,"R=2, F=1, M=3, score=0.13"
KH-00112,HỘ KINH DOANH TÚ ANH,377,2,61441481.0,1,2,3,0.19387586408316954,D - Low,MEDIUM,Theo dõi thêm,Theo dõi thêm,Đang hoạt động hoặc rủi ro thấp,"R=1, F=2, M=3, score=0.19"
KH-00216,HỘ KINH DOANH NGỌC ANH,376,1,61070000.0,1,1,3,0.1270667886331592,D - Low,MEDIUM,Theo dõi thêm,Theo dõi thêm,Đang hoạt động hoặc rủi ro thấp,"R=1, F=1, M=3, score=0.13"
KH-00598,DOANH NGHIỆP TW SƠN HÀ,30,2,60865905.0,3,3,3,0.4717777474299479,C - Medium,MEDIUM,Theo dõi thêm,Theo dõi thêm,Bắt đầu có dấu hiệu giảm nhịp mua,"R=3, F=3, M=3, score=0.47"
KH-00129,CÔNG TY CỔ PHẦN LÊ ANH,404,1,60307929.0,1,1,3,0.1264962225954916,D - Low,MEDIUM,Theo dõi thêm,Theo dõi thêm,Đang hoạt động hoặc rủi ro thấp,"R=1, F=1, M=3, score=0.13"
KH-00080,HỘ KINH DOANH VĨNH PHÁT,410,1,60020000.0,1,1,3,0.1259263320980602,D - Low,MEDIUM,Theo dõi thêm,Theo dõi thêm,Đang hoạt động hoặc rủi ro thấp,"R=1, F=1, M=3, score=0.13"
KH-00325,HỘ KINH DOANH THANH BÌNH,365,1,59956468.0,2,1,3,0.1256428459782405,D - Low,MEDIUM,Theo dõi thêm,Theo dõi thêm,Đang hoạt động hoặc rủi ro thấp,"R=2, F=1, M=3, score=0.13"
KH-00237,DOANH NGHIỆP TW LÊ ANH,374,2,59932962.0,1,2,3,0.19159679013441813,D - Low,MEDIUM,Theo dõi thêm,Theo dõi thêm,Đang hoạt động hoặc rủi ro thấp,"R=1, F=2, M=3, score=0.19"
KH-00438,CỬA HÀNG XE ĐẠP ĐẠI LỢI,54,2,59563322.0,3,3,3,0.3991651521880966,C - Medium,MEDIUM,Theo dõi thêm,Theo dõi thêm,Bắt đầu có dấu hiệu giảm nhịp mua,"R=3, F=3, M=3, score=0.4"
KH-00221,CÔNG TY CỔ PHẦN VĨNH PHÁT,369,2,59460000.0,2,2,3,0.19102723413620312,D - Low,MEDIUM,Theo dõi thêm,Theo dõi thêm,Đang hoạt động hoặc rủi ro thấp,"R=2, F=2, M=3, score=0.19"
KH-00252,CÔNG TY TNHH TÂY BẮC,374,1,59107574.0,1,1,3,0.12450277304040103,D - Low,MEDIUM,Theo dõi thêm,Theo dõi thêm,Đang hoạt động hoặc rủi ro thấp,"R=1, F=1, M=3, score=0.12"
KH-00205,CỬA HÀNG XE ĐẠP QUANG VINH,376,1,58740000.0,1,1,3,0.12421778578415636,D - Low,MEDIUM,Theo dõi thêm,Theo dõi thêm,Đang hoạt động hoặc rủi ro thấp,"R=1, F=1, M=3, score=0.12"
KH-00268,CÔNG TY CỔ PHẦN THƯƠNG MẠI TRƯỜNG THỊNH,371,1,58140000.0,1,1,3,0.12393311429768268,D - Low,MEDIUM,Theo dõi thêm,Theo dõi thêm,Đang hoạt động hoặc rủi ro thấp,"R=1, F=1, M=3, score=0.12"
KH-00255,CÔNG TY TNHH PHÚ THỊNH,369,2,58060000.0,2,2,3,0.1893178324268014,D - Low,MEDIUM,Theo dõi thêm,Theo dõi thêm,Đang hoạt động hoặc rủi ro thấp,"R=2, F=2, M=3, score=0.19"
KH-00110,CỬA HÀNG XE ĐẠP TÂY BẮC,372,2,57900000.0,1,2,3,0.1884629799675861,D - Low,MEDIUM,Theo dõi thêm,Theo dõi thêm,Đang hoạt động hoặc rủi ro thấp,"R=1, F=2, M=3, score=0.19"
KH-00202,CÔNG TY CỔ PHẦN XUÂN MAI,375,2,57790000.0,1,2,3,0.1881779425052484,D - Low,MEDIUM,Theo dõi thêm,Theo dõi thêm,Đang hoạt động hoặc rủi ro thấp,"R=1, F=2, M=3, score=0.19"
KH-00270,DOANH NGHIỆP TW TÚ ANH,371,1,57290000.0,1,1,3,0.12079921116377956,D - Low,MEDIUM,Theo dõi thêm,Theo dõi thêm,Đang hoạt động hoặc rủi ro thấp,"R=1, F=1, M=3, score=0.12"
KH-00116,HỘ KINH DOANH TOÀN THẮNG,405,1,57090000.0,1,1,2,0.11994349977870017,D - Low,MEDIUM,Ít hoạt động / giá trị thấp,"Ưu tiên thấp, chăm sóc tự động",Đang hoạt động hoặc rủi ro thấp,"R=1, F=1, M=2, score=0.12"
KH-00327,CÔNG TY TNHH MẶT TRỜI,365,1,55970000.0,2,1,2,0.1193750397104342,D - Low,MEDIUM,Ít hoạt động / giá trị thấp,"Ưu tiên thấp, chăm sóc tự động",Đang hoạt động hoặc rủi ro thấp,"R=2, F=1, M=2, score=0.12"
KH-00285,CÔNG TY TNHH ĐÔNG NAM,370,2,55041000.0,2,3,2,0.18504427592492056,D - Low,MEDIUM,Theo dõi thêm,Theo dõi thêm,Đang hoạt động hoặc rủi ro thấp,"R=2, F=3, M=2, score=0.19"
KH-00196,CÔNG TY CỔ PHẦN NAM TIẾN,30,4,54853704.0,3,4,2,0.49168172424268763,B - High,MEDIUM,Theo dõi thêm,Theo dõi thêm,Bắt đầu có dấu hiệu giảm nhịp mua,"R=3, F=4, M=2, score=0.49"
KH-00190,HỘ KINH DOANH XÂY DỰNG,376,3,54567000.0,1,3,2,0.22881180287817346,C - Medium,MEDIUM,Theo dõi thêm,Theo dõi thêm,Đang hoạt động hoặc rủi ro thấp,"R=1, F=3, M=2, score=0.23"
KH-00283,CỬA HÀNG XE ĐẠP TRƯỜNG THỊNH,369,2,54240000.0,2,3,2,0.18418962729859628,D - Low,MEDIUM,Theo dõi thêm,Theo dõi thêm,Đang hoạt động hoặc rủi ro thấp,"R=2, F=3, M=2, score=0.18"
KH-00201,HỘ KINH DOANH XUÂN MAI,377,1,54234212.0,1,1,2,0.11766503787234331,D - Low,MEDIUM,Ít hoạt động / giá trị thấp,"Ưu tiên thấp, chăm sóc tự động",Đang hoạt động hoặc rủi ro thấp,"R=1, F=1, M=2, score=0.12"
KH-00119,DOANH NGHIỆP TW MẶT TRỜI,371,2,53513597.0,1,2,2,0.18361972398429238,D - Low,MEDIUM,Ít hoạt động / giá trị thấp,"Ưu tiên thấp, chăm sóc tự động",Đang hoạt động hoặc rủi ro thấp,"R=1, F=2, M=2, score=0.18"
KH-00138,CÔNG TY TNHH THƯƠNG MẠI VĨNH PHÁT,402,1,52850000.0,1,1,2,0.11680964710955606,D - Low,MEDIUM,Ít hoạt động / giá trị thấp,"Ưu tiên thấp, chăm sóc tự động",Đang hoạt động hoặc rủi ro thấp,"R=1, F=1, M=2, score=0.12"
KH-00269,HỘ KINH DOANH AN PHÁT,371,1,52678500.0,1,1,2,0.11652570689027528,D - Low,MEDIUM,Ít hoạt động / giá trị thấp,"Ưu tiên thấp, chăm sóc tự động",Đang hoạt động hoặc rủi ro thấp,"R=1, F=1, M=2, score=0.12"
KH-00115,CÔNG TY CỔ PHẦN YÊN BÌNH,365,2,52250000.0,2,2,2,0.18219555253094705,D - Low,MEDIUM,Ít hoạt động / giá trị thấp,"Ưu tiên thấp, chăm sóc tự động",Đang hoạt động hoặc rủi ro thấp,"R=2, F=2, M=2, score=0.18"
KH-00096,CÔNG TY TNHH THƯƠNG MẠI SƠN HÀ,378,2,52127000.0,1,2,2,0.18191001211416385,D - Low,MEDIUM,Ít hoạt động / giá trị thấp,"Ưu tiên thấp, chăm sóc tự động",Đang hoạt động hoặc rủi ro thấp,"R=1, F=2, M=2, score=0.18"
KH-00209,CÔNG TY TNHH THƯƠNG MẠI VIỆT ANH,368,2,52103683.0,2,2,2,0.18162557873315704,D - Low,MEDIUM,Ít hoạt động / giá trị thấp,"Ưu tiên thấp, chăm sóc tự động",Đang hoạt động hoặc rủi ro thấp,"R=2, F=2, M=2, score=0.18"
KH-00063,HỘ KINH DOANH VẠN LỢI,368,2,51715148.0,2,2,2,0.18134067844825677,D - Low,MEDIUM,Ít hoạt động / giá trị thấp,"Ưu tiên thấp, chăm sóc tự động",Đang hoạt động hoặc rủi ro thấp,"R=2, F=2, M=2, score=0.18"
KH-00282,CÔNG TY TNHH THƯƠNG MẠI LONG PHÚ,368,3,51690000.0,2,3,2,0.22539338500096334,C - Medium,MEDIUM,Theo dõi thêm,Theo dõi thêm,Đang hoạt động hoặc rủi ro thấp,"R=2, F=3, M=2, score=0.23"
KH-00688,CÔNG TY CỔ PHẦN THƯƠNG MẠI XUÂN MAI,33,1,50163875.0,3,2,2,0.380749893539342,C - Medium,MEDIUM,Theo dõi thêm,Theo dõi thêm,Bắt đầu có dấu hiệu giảm nhịp mua,"R=3, F=2, M=2, score=0.38"
KH-00261,CÔNG TY TNHH THƯƠNG MẠI VẠN LỢI,372,1,49160000.0,1,1,2,0.11310685461146075,D - Low,MEDIUM,Ít hoạt động / giá trị thấp,"Ưu tiên thấp, chăm sóc tự động",Đang hoạt động hoặc rủi ro thấp,"R=1, F=1, M=2, score=0.11"
KH-00059,CÔNG TY TNHH TRÍ ĐỨC,414,1,48680000.0,1,1,2,0.1125359680066274,D - Low,MEDIUM,Ít hoạt động / giá trị thấp,"Ưu tiên thấp, chăm sóc tự động",Đang hoạt động hoặc rủi ro thấp,"R=1, F=1, M=2, score=0.11"
KH-00117,HỘ KINH DOANH YÊN BÌNH,365,2,48490000.0,2,2,2,0.17820694854234304,D - Low,MEDIUM,Ít hoạt động / giá trị thấp,"Ưu tiên thấp, chăm sóc tự động",Đang hoạt động hoặc rủi ro thấp,"R=2, F=2, M=2, score=0.18"
KH-00127,CỬA HÀNG XE ĐẠP TÂN TIẾN,404,1,48240000.0,1,1,2,0.11139650749577648,D - Low,MEDIUM,Ít hoạt động / giá trị thấp,"Ưu tiên thấp, chăm sóc tự động",Đang hoạt động hoặc rủi ro thấp,"R=1, F=1, M=2, score=0.11"
KH-00278,CÔNG TY TNHH QUANG VINH,371,1,47790000.0,1,1,2,0.11082770119226959,D - Low,MEDIUM,Ít hoạt động / giá trị thấp,"Ưu tiên thấp, chăm sóc tự động",Đang hoạt động hoặc rủi ro thấp,"R=1, F=1, M=2, score=0.11"
KH-00085,CÔNG TY CỔ PHẦN THƯƠNG MẠI NGỌC ANH,369,2,46780000.0,2,2,2,0.17564261875158774,D - Low,MEDIUM,Ít hoạt động / giá trị thấp,"Ưu tiên thấp, chăm sóc tự động",Đang hoạt động hoặc rủi ro thấp,"R=2, F=2, M=2, score=0.18"
KH-00312,DOANH NGHIỆP TW HOÀ BÌNH,368,1,46750000.0,2,1,2,0.10911845622603454,D - Low,MEDIUM,Ít hoạt động / giá trị thấp,"Ưu tiên thấp, chăm sóc tự động",Đang hoạt động hoặc rủi ro thấp,"R=2, F=1, M=2, score=0.11"
KH-00081,CÔNG TY TNHH THƯƠNG MẠI KHẢI HOÀN,410,1,45220000.0,1,1,2,0.10797761414934225,D - Low,MEDIUM,Ít hoạt động / giá trị thấp,"Ưu tiên thấp, chăm sóc tự động",Đang hoạt động hoặc rủi ro thấp,"R=1, F=1, M=2, score=0.11"
KH-00273,CÔNG TY TNHH THƯƠNG MẠI PHÚ THỊNH,371,1,44730000.0,1,1,2,0.10769379805836644,D - Low,MEDIUM,Ít hoạt động / giá trị thấp,"Ưu tiên thấp, chăm sóc tự động",Đang hoạt động hoặc rủi ro thấp,"R=1, F=1, M=2, score=0.11"
KH-00681,DOANH NGHIỆP TW NGỌC ANH,35,1,44205546.0,3,2,2,0.36639853577751663,C - Medium,MEDIUM,Theo dõi thêm,Theo dõi thêm,Bắt đầu có dấu hiệu giảm nhịp mua,"R=3, F=2, M=2, score=0.37"
KH-00254,CỬA HÀNG XE ĐẠP ĐÔNG NAM,371,2,43942860.0,1,2,2,0.17336331372788213,D - Low,MEDIUM,Ít hoạt động / giá trị thấp,"Ưu tiên thấp, chăm sóc tự động",Đang hoạt động hoặc rủi ro thấp,"R=1, F=2, M=2, score=0.17"
KH-00272,CÔNG TY TNHH THƯƠNG MẠI VĨNH PHÁT,365,2,43920000.0,2,3,2,0.17307874341413793,D - Low,MEDIUM,Theo dõi thêm,Theo dõi thêm,Đang hoạt động hoặc rủi ro thấp,"R=2, F=3, M=2, score=0.17"
KH-00099,CÔNG TY TNHH NGỌC ANH,407,1,43710000.0,1,1,2,0.10655315544233708,D - Low,MEDIUM,Ít hoạt động / giá trị thấp,"Ưu tiên thấp, chăm sóc tự động",Đang hoạt động hoặc rủi ro thấp,"R=1, F=1, M=2, score=0.11"
KH-00082,CÔNG TY TNHH THƯƠNG MẠI PHÚC AN,410,1,43600000.0,1,1,2,0.10626821243994054,D - Low,MEDIUM,Ít hoạt động / giá trị thấp,"Ưu tiên thấp, chăm sóc tự động",Đang hoạt động hoặc rủi ro thấp,"R=1, F=1, M=2, score=0.11"
KH-00316,CÔNG TY CỔ PHẦN THƯƠNG MẠI THUỶ TIÊN,368,1,42392500.0,2,1,2,0.10541475252233085,D - Low,MEDIUM,Ít hoạt động / giá trị thấp,"Ưu tiên thấp, chăm sóc tự động",Đang hoạt động hoặc rủi ro thấp,"R=2, F=1, M=2, score=0.11"
KH-00136,CÔNG TY CỔ PHẦN NGỌC ANH,402,1,42370000.0,1,1,2,0.10512873542864437,D - Low,MEDIUM,Ít hoạt động / giá trị thấp,"Ưu tiên thấp, chăm sóc tự động",Đang hoạt động hoặc rủi ro thấp,"R=1, F=1, M=2, score=0.11"
KH-00222,CÔNG TY CỔ PHẦN TÂN TIẾN,365,2,42161481.0,2,2,2,0.17108444141983592,D - Low,MEDIUM,Ít hoạt động / giá trị thấp,"Ưu tiên thấp, chăm sóc tự động",Đang hoạt động hoặc rủi ro thấp,"R=2, F=2, M=2, score=0.17"
KH-00281,CỬA HÀNG XE ĐẠP PHÚC AN,371,1,42075286.0,1,1,2,0.10455989492446331,D - Low,MEDIUM,Ít hoạt động / giá trị thấp,"Ưu tiên thấp, chăm sóc tự động",Đang hoạt động hoặc rủi ro thấp,"R=1, F=1, M=2, score=0.1"
KH-00094,HỘ KINH DOANH SÁN LẠP,365,2,41790000.0,2,2,2,0.17051464085003534,D - Low,MEDIUM,Ít hoạt động / giá trị thấp,"Ưu tiên thấp, chăm sóc tự động",Đang hoạt động hoặc rủi ro thấp,"R=2, F=2, M=2, score=0.17"
KH-00170,CỬA HÀNG XE ĐẠP TRƯỜNG THỊNH,398,1,41700000.0,1,1,2,0.1039892099262254,D - Low,MEDIUM,Ít hoạt động / giá trị thấp,"Ưu tiên thấp, chăm sóc tự động",Đang hoạt động hoặc rủi ro thấp,"R=1, F=1, M=2, score=0.1"
KH-00227,CÔNG TY TNHH THƯƠNG MẠI TRÍ ĐỨC,375,1,40920000.0,1,1,2,0.10285030717761309,D - Low,MEDIUM,Ít hoạt động / giá trị thấp,"Ưu tiên thấp, chăm sóc tự động",Đang hoạt động hoặc rủi ro thấp,"R=1, F=1, M=2, score=0.1"
KH-00684,CÔNG TY CỔ PHẦN THƯƠNG MẠI VĨNH PHÁT,35,1,40791838.0,3,2,2,0.36127033064931147,C - Medium,MEDIUM,Theo dõi thêm,Theo dõi thêm,Bắt đầu có dấu hiệu giảm nhịp mua,"R=3, F=2, M=2, score=0.36"
KH-00677,CỬA HÀNG XE ĐẠP LÊ ANH,36,1,40740740.0,3,2,2,0.35741227616357274,C - Medium,MEDIUM,Theo dõi thêm,Theo dõi thêm,Bắt đầu có dấu hiệu giảm nhịp mua,"R=3, F=2, M=2, score=0.36"
KH-00644,HỘ KINH DOANH THUỶ TIÊN,47,3,40240820.0,3,4,2,0.43477546240305204,C - Medium,MEDIUM,Theo dõi thêm,Theo dõi thêm,Bắt đầu có dấu hiệu giảm nhịp mua,"R=3, F=4, M=2, score=0.43"
KH-00311,CÔNG TY TNHH THƯƠNG MẠI QUANG VINH,368,1,39960000.0,2,1,2,0.10085634796392628,D - Low,MEDIUM,Ít hoạt động / giá trị thấp,"Ưu tiên thấp, chăm sóc tự động",Đang hoạt động hoặc rủi ro thấp,"R=2, F=1, M=2, score=0.1"
KH-00257,HỘ KINH DOANH PHÚC AN,368,2,39541481.0,2,2,2,0.16652586363344196,D - Low,MEDIUM,Ít hoạt động / giá trị thấp,"Ưu tiên thấp, chăm sóc tự động",Đang hoạt động hoặc rủi ro thấp,"R=2, F=2, M=2, score=0.17"
KH-00258,CỬA HÀNG XE ĐẠP HOÀ BÌNH,368,2,39361481.0,2,2,2,0.16624096334854166,D - Low,MEDIUM,Ít hoạt động / giá trị thấp,"Ưu tiên thấp, chăm sóc tự động",Đang hoạt động hoặc rủi ro thấp,"R=2, F=2, M=2, score=0.17"
KH-00240,CÔNG TY CỔ PHẦN TRÍ ĐỨC,375,1,39050000.0,1,1,2,0.09971640404370995,D - Low,MEDIUM,Ít hoạt động / giá trị thấp,"Ưu tiên thấp, chăm sóc tự động",Đang hoạt động hoặc rủi ro thấp,"R=1, F=1, M=2, score=0.1"
KH-00308,CÔNG TY TNHH THIÊN AN,368,1,38840000.0,2,1,2,0.09857714568472399,D - Low,MEDIUM,Ít hoạt động / giá trị thấp,"Ưu tiên thấp, chăm sóc tự động",Đang hoạt động hoặc rủi ro thấp,"R=2, F=1, M=2, score=0.1"
KH-00195,CỬA HÀNG XE ĐẠP BÌNH MINH,371,2,38790000.0,1,2,2,0.1645314048959733,D - Low,MEDIUM,Ít hoạt động / giá trị thấp,"Ưu tiên thấp, chăm sóc tự động",Đang hoạt động hoặc rủi ro thấp,"R=1, F=2, M=2, score=0.16"
KH-00246,CỬA HÀNG XE ĐẠP TRƯỜNG THỊNH,371,2,38184000.0,1,2,2,0.16396160432617274,D - Low,MEDIUM,Ít hoạt động / giá trị thấp,"Ưu tiên thấp, chăm sóc tự động",Đang hoạt động hoặc rủi ro thấp,"R=1, F=2, M=2, score=0.16"
KH-00376,CÔNG TY TNHH THƯƠNG MẠI AN PHÁT,46,2,38117024.0,3,3,2,0.3892104928647551,C - Medium,MEDIUM,Theo dõi thêm,Theo dõi thêm,Bắt đầu có dấu hiệu giảm nhịp mua,"R=3, F=3, M=2, score=0.39"
KH-00328,CÔNG TY CỔ PHẦN PHÚC AN,365,1,37780000.0,2,1,2,0.09715281748821197,D - Low,MEDIUM,Ít hoạt động / giá trị thấp,"Ưu tiên thấp, chăm sóc tự động",Đang hoạt động hoặc rủi ro thấp,"R=2, F=1, M=2, score=0.1"
KH-00249,HỘ KINH DOANH PHÚC AN,374,1,37560000.0,1,1,2,0.09686744540507339,D - Low,MEDIUM,Ít hoạt động / giá trị thấp,"Ưu tiên thấp, chăm sóc tự động",Đang hoạt động hoặc rủi ro thấp,"R=1, F=1, M=2, score=0.1"
KH-00215,DOANH NGHIỆP TW LÊ ANH,365,2,37160000.0,2,2,2,0.16282233315772765,D - Low,MEDIUM,Ít hoạt động / giá trị thấp,"Ưu tiên thấp, chăm sóc tự động",Đang hoạt động hoặc rủi ro thấp,"R=2, F=2, M=2, score=0.16"
KH-00302,CÔNG TY TNHH XÂY DỰNG,368,1,36910000.0,2,1,2,0.09629794340552172,D - Low,MEDIUM,Ít hoạt động / giá trị thấp,"Ưu tiên thấp, chăm sóc tự động",Đang hoạt động hoặc rủi ro thấp,"R=2, F=1, M=2, score=0.1"
KH-00047,CÔNG TY CỔ PHẦN THƯƠNG MẠI TÚ ANH,420,1,36180000.0,1,1,2,0.09601168704644769,D - Low,MEDIUM,Ít hoạt động / giá trị thấp,"Ưu tiên thấp, chăm sóc tự động",Đang hoạt động hoặc rủi ro thấp,"R=1, F=1, M=2, score=0.1"
KH-00224,DOANH NGHIỆP TW ĐÔNG NAM,375,1,36150000.0,1,1,2,0.09572780005510595,D - Low,MEDIUM,Ít hoạt động / giá trị thấp,"Ưu tiên thấp, chăm sóc tự động",Đang hoạt động hoặc rủi ro thấp,"R=1, F=1, M=2, score=0.1"
KH-00636,CỬA HÀNG XE ĐẠP YÊN BÌNH,49,1,36113882.0,3,2,2,0.31378874243408544,C - Medium,MEDIUM,Theo dõi thêm,Theo dõi thêm,Bắt đầu có dấu hiệu giảm nhịp mua,"R=3, F=2, M=2, score=0.31"
KH-00572,CÔNG TY CỔ PHẦN THƯƠNG MẠI VIỆT ANH,59,1,36044992.0,3,2,2,0.29412956596520345,C - Medium,MEDIUM,Theo dõi thêm,Theo dõi thêm,Bắt đầu có dấu hiệu giảm nhịp mua,"R=3, F=2, M=2, score=0.29"
KH-00275,CÔNG TY CỔ PHẦN THƯƠNG MẠI QUANG VINH,371,1,35890000.0,1,1,2,0.09487328523785363,D - Low,MEDIUM,Ít hoạt động / giá trị thấp,"Ưu tiên thấp, chăm sóc tự động",Đang hoạt động hoặc rủi ro thấp,"R=1, F=1, M=2, score=0.09"
KH-00236,CỬA HÀNG XE ĐẠP ĐÔNG NAM,374,2,35880000.0,1,2,2,0.16082755936518736,D - Low,MEDIUM,Ít hoạt động / giá trị thấp,"Ưu tiên thấp, chăm sóc tự động",Đang hoạt động hoặc rủi ro thấp,"R=1, F=2, M=2, score=0.16"
KH-00263,DOANH NGHIỆP TW TRƯỜNG THỊNH,372,1,35790000.0,1,1,2,0.09430343580804194,D - Low,MEDIUM,Ít hoạt động / giá trị thấp,"Ưu tiên thấp, chăm sóc tự động",Đang hoạt động hoặc rủi ro thấp,"R=1, F=1, M=2, score=0.09"
KH-00243,HỘ KINH DOANH VĨNH PHÁT,375,1,35150000.0,1,1,2,0.09401839834570425,D - Low,MEDIUM,Ít hoạt động / giá trị thấp,"Ưu tiên thấp, chăm sóc tự động",Đang hoạt động hoặc rủi ro thấp,"R=1, F=1, M=2, score=0.09"
KH-00131,CÔNG TY TNHH QUANG VINH,404,1,35090000.0,1,1,2,0.09344778954705854,D - Low,MEDIUM,Ít hoạt động / giá trị thấp,"Ưu tiên thấp, chăm sóc tự động",Đang hoạt động hoặc rủi ro thấp,"R=1, F=1, M=2, score=0.09"
KH-00259,DOANH NGHIỆP TW MINH PHƯƠNG,372,1,35050000.0,1,1,2,0.0931638346684408,D - Low,MEDIUM,Ít hoạt động / giá trị thấp,"Ưu tiên thấp, chăm sóc tự động",Đang hoạt động hoặc rủi ro thấp,"R=1, F=1, M=2, score=0.09"
KH-00077,CÔNG TY CỔ PHẦN THƯƠNG MẠI NGỌC ANH,410,1,35020000.0,1,1,2,0.09230809847982657,D - Low,MEDIUM,Ít hoạt động / giá trị thấp,"Ưu tiên thấp, chăm sóc tự động",Đang hoạt động hoặc rủi ro thấp,"R=1, F=1, M=2, score=0.09"
KH-00310,HỘ KINH DOANH VẠN LỢI,368,1,34770000.0,2,1,2,0.09202443913201745,D - Low,MEDIUM,Ít hoạt động / giá trị thấp,"Ưu tiên thấp, chăm sóc tự động",Đang hoạt động hoặc rủi ro thấp,"R=2, F=1, M=2, score=0.09"
KH-00095,CÔNG TY CỔ PHẦN THƯƠNG MẠI KHẢI HOÀN,407,1,34730000.0,1,1,2,0.09173834062752226,D - Low,MEDIUM,Ít hoạt động / giá trị thấp,"Ưu tiên thấp, chăm sóc tự động",Đang hoạt động hoặc rủi ro thấp,"R=1, F=1, M=2, score=0.09"
KH-00595,CÔNG TY CỔ PHẦN THƯƠNG MẠI YÊN BÌNH,55,1,34527950.0,3,2,2,0.29712600229598407,C - Medium,MEDIUM,Theo dõi thêm,Theo dõi thêm,Bắt đầu có dấu hiệu giảm nhịp mua,"R=3, F=2, M=2, score=0.3"
KH-00295,DOANH NGHIỆP TW XÂY DỰNG,369,1,34400000.0,2,1,2,0.09088478399375297,D - Low,MEDIUM,Ít hoạt động / giá trị thấp,"Ưu tiên thấp, chăm sóc tự động",Đang hoạt động hoặc rủi ro thấp,"R=2, F=1, M=2, score=0.09"
KH-00066,CÔNG TY CỔ PHẦN NGỌC ANH,414,1,34390000.0,1,1,2,0.09059864606930546,D - Low,MEDIUM,Ít hoạt động / giá trị thấp,"Ưu tiên thấp, chăm sóc tự động",Đang hoạt động hoặc rủi ro thấp,"R=1, F=1, M=2, score=0.09"
KH-00574,CỬA HÀNG XE ĐẠP LONG PHÚ,59,1,34270830.0,3,2,2,0.28914381097944847,C - Medium,MEDIUM,Theo dõi thêm,Theo dõi thêm,Bắt đầu có dấu hiệu giảm nhịp mua,"R=3, F=2, M=2, score=0.29"
KH-00579,CÔNG TY TNHH THƯƠNG MẠI XÂY DỰNG,59,1,34270830.0,2,2,2,0.28914381097944847,C - Medium,MEDIUM,Theo dõi thêm,Theo dõi thêm,Bắt đầu có dấu hiệu giảm nhịp mua,"R=2, F=2, M=2, score=0.29"
KH-00324,CÔNG TY CỔ PHẦN ĐÔNG NAM,365,1,34180000.0,2,1,2,0.08974541008080458,D - Low,MEDIUM,Ít hoạt động / giá trị thấp,"Ưu tiên thấp, chăm sóc tự động",Đang hoạt động hoặc rủi ro thấp,"R=2, F=1, M=2, score=0.09"
KH-00583,CÔNG TY TNHH THƯƠNG MẠI THANH BÌNH,30,2,34155824.0,3,3,2,0.43445581010801054,C - Medium,MEDIUM,Theo dõi thêm,Theo dõi thêm,Bắt đầu có dấu hiệu giảm nhịp mua,"R=3, F=3, M=2, score=0.43"
KH-00699,CÔNG TY CỔ PHẦN YÊN BÌNH,32,1,34066101.0,3,2,2,0.3596276145766835,C - Medium,MEDIUM,Theo dõi thêm,Theo dõi thêm,Bắt đầu có dấu hiệu giảm nhịp mua,"R=3, F=2, M=2, score=0.36"
KH-00229,DOANH NGHIỆP TW TRÍ ĐỨC,375,1,33980000.0,1,1,2,0.08889019321749912,D - Low,MEDIUM,Ít hoạt động / giá trị thấp,"Ưu tiên thấp, chăm sóc tự động",Đang hoạt động hoặc rủi ro thấp,"R=1, F=1, M=2, score=0.09"
KH-00602,CÔNG TY TNHH THƯƠNG MẠI THIÊN AN,55,1,33720915.0,3,2,2,0.29456189973188146,C - Medium,MEDIUM,Theo dõi thêm,Theo dõi thêm,Bắt đầu có dấu hiệu giảm nhịp mua,"R=3, F=2, M=2, score=0.29"
KH-00223,CÔNG TY CỔ PHẦN THƯƠNG MẠI AN PHÁT,375,1,33720000.0,1,1,2,0.08832039264769856,D - Low,MEDIUM,Ít hoạt động / giá trị thấp,"Ưu tiên thấp, chăm sóc tự động",Đang hoạt động hoặc rủi ro thấp,"R=1, F=1, M=2, score=0.09"
KH-00238,CÔNG TY CỔ PHẦN THƯƠNG MẠI TRƯỜNG THỊNH,375,1,33546143.0,1,1,2,0.08803549236279826,D - Low,MEDIUM,Ít hoạt động / giá trị thấp,"Ưu tiên thấp, chăm sóc tự động",Đang hoạt động hoặc rủi ro thấp,"R=1, F=1, M=2, score=0.09"
KH-00244,CÔNG TY CỔ PHẦN THƯƠNG MẠI AN PHÁT,375,1,33400000.0,1,1,2,0.08775059207789798,D - Low,MEDIUM,Ít hoạt động / giá trị thấp,"Ưu tiên thấp, chăm sóc tự động",Đang hoạt động hoặc rủi ro thấp,"R=1, F=1, M=2, score=0.09"
KH-00056,DOANH NGHIỆP TW ĐÔNG NAM,414,1,33090000.0,1,1,2,0.08717984265050203,D - Low,MEDIUM,Ít hoạt động / giá trị thấp,"Ưu tiên thấp, chăm sóc tự động",Đang hoạt động hoặc rủi ro thấp,"R=1, F=1, M=2, score=0.09"
KH-00034,CÔNG TY TNHH BÌNH MINH,404,2,32750000.0,1,2,2,0.15313439923366823,D - Low,MEDIUM,Ít hoạt động / giá trị thấp,"Ưu tiên thấp, chăm sóc tự động",Đang hoạt động hoặc rủi ro thấp,"R=1, F=2, M=2, score=0.15"
KH-00211,CỬA HÀNG XE ĐẠP NAM TIẾN,376,1,31530000.0,1,1,2,0.08604114760751817,D - Low,MEDIUM,Ít hoạt động / giá trị thấp,"Ưu tiên thấp, chăm sóc tự động",Đang hoạt động hoặc rủi ro thấp,"R=1, F=1, M=2, score=0.09"
KH-00318,HỘ KINH DOANH BÌNH MINH,367,1,30680000.0,2,1,2,0.08547178840826505,D - Low,MEDIUM,Ít hoạt động / giá trị thấp,"Ưu tiên thấp, chăm sóc tự động",Đang hoạt động hoặc rủi ro thấp,"R=2, F=1, M=2, score=0.09"
KH-00043,CÔNG TY TNHH LONG PHÚ,404,3,30650000.0,1,3,2,0.19576260436187334,D - Low,MEDIUM,Theo dõi thêm,Theo dõi thêm,Đang hoạt động hoặc rủi ro thấp,"R=1, F=3, M=2, score=0.2"
KH-00640,CÔNG TY TNHH XUÂN MAI,48,1,30611100.0,3,2,2,0.3055640661984143,C - Medium,MEDIUM,Theo dõi thêm,Theo dõi thêm,Bắt đầu có dấu hiệu giảm nhịp mua,"R=3, F=2, M=2, score=0.31"
KH-00206,CÔNG TY TNHH THƯƠNG MẠI MẶT TRỜI,376,2,30030000.0,1,2,2,0.150855962422333,D - Low,MEDIUM,Ít hoạt động / giá trị thấp,"Ưu tiên thấp, chăm sóc tự động",Đang hoạt động hoặc rủi ro thấp,"R=1, F=2, M=2, score=0.15"
KH-00307,DOANH NGHIỆP TW THIÊN AN,368,1,29517574.0,2,1,2,0.08404723115480947,D - Low,MEDIUM,Ít hoạt động / giá trị thấp,"Ưu tiên thấp, chăm sóc tự động",Đang hoạt động hoặc rủi ro thấp,"R=2, F=1, M=2, score=0.08"
KH-00648,CÔNG TY CỔ PHẦN THƯƠNG MẠI MINH PHƯƠNG,47,1,28859431.0,3,2,2,0.306249821377411,C - Medium,MEDIUM,Theo dõi thêm,Theo dõi thêm,Bắt đầu có dấu hiệu giảm nhịp mua,"R=3, F=2, M=2, score=0.31"
KH-00122,CÔNG TY TNHH CHI THÀNH,404,1,28520000.0,1,1,2,0.08290647900574799,D - Low,MEDIUM,Ít hoạt động / giá trị thấp,"Ưu tiên thấp, chăm sóc tự động",Đang hoạt động hoặc rủi ro thấp,"R=1, F=1, M=2, score=0.08"
KH-00292,CÔNG TY TNHH VIỆT ANH,370,1,28127001.0,2,1,2,0.08262262350326811,D - Low,MEDIUM,Ít hoạt động / giá trị thấp,"Ưu tiên thấp, chăm sóc tự động",Đang hoạt động hoặc rủi ro thấp,"R=2, F=1, M=2, score=0.08"
KH-00319,CỬA HÀNG XE ĐẠP QUANG VINH,367,1,27978500.0,2,1,2,0.08233788527436192,D - Low,MEDIUM,Ít hoạt động / giá trị thấp,"Ưu tiên thấp, chăm sóc tự động",Đang hoạt động hoặc rủi ro thấp,"R=2, F=1, M=2, score=0.08"
KH-00535,CỬA HÀNG XE ĐẠP QUANG VINH,47,2,27191100.0,3,3,2,0.37134953647712615,C - Medium,MEDIUM,Theo dõi thêm,Theo dõi thêm,Bắt đầu có dấu hiệu giảm nhịp mua,"R=3, F=3, M=2, score=0.37"
KH-00689,CÔNG TY TNHH THƯƠNG MẠI HOÀ BÌNH,33,2,27132399.0,3,3,2,0.4145105773000259,C - Medium,MEDIUM,Theo dõi thêm,Theo dõi thêm,Bắt đầu có dấu hiệu giảm nhịp mua,"R=3, F=3, M=2, score=0.41"
KH-00618,HỘ KINH DOANH ĐÔNG NAM,52,1,26313330.0,3,2,2,0.29218493635668924,C - Medium,MEDIUM,Theo dõi thêm,Theo dõi thêm,Bắt đầu có dấu hiệu giảm nhịp mua,"R=3, F=2, M=2, score=0.29"
KH-00226,CÔNG TY CỔ PHẦN VĨNH PHÁT,375,1,26040000.0,1,1,1,0.08005828438559029,D - Low,MEDIUM,Ít hoạt động / giá trị thấp,"Ưu tiên thấp, chăm sóc tự động",Đang hoạt động hoặc rủi ro thấp,"R=1, F=1, M=1, score=0.08"
KH-00060,CÔNG TY TNHH THƯƠNG MẠI VẠN LỢI,414,1,25550000.0,1,1,1,0.07977243524309463,D - Low,MEDIUM,Ít hoạt động / giá trị thấp,"Ưu tiên thấp, chăm sóc tự động",Đang hoạt động hoặc rủi ro thấp,"R=1, F=1, M=1, score=0.08"
KH-00121,CÔNG TY TNHH CHI THÀNH,404,1,25527929.0,1,1,1,0.07948767558694457,D - Low,MEDIUM,Ít hoạt động / giá trị thấp,"Ưu tiên thấp, chăm sóc tự động",Đang hoạt động hoặc rủi ro thấp,"R=1, F=1, M=1, score=0.08"
KH-00184,DOANH NGHIỆP TW ĐẠI LỢI,365,2,24742962.0,2,2,1,0.14544341577881026,D - Low,MEDIUM,Ít hoạt động / giá trị thấp,"Ưu tiên thấp, chăm sóc tự động",Đang hoạt động hoặc rủi ro thấp,"R=2, F=2, M=1, score=0.15"
KH-00332,DOANH NGHIỆP TW TOÀN THẮNG,365,1,24510000.0,2,1,1,0.07891919925459376,D - Low,MEDIUM,Ít hoạt động / giá trị thấp,"Ưu tiên thấp, chăm sóc tự động",Đang hoạt động hoặc rủi ro thấp,"R=2, F=1, M=1, score=0.08"
KH-00299,CỬA HÀNG XE ĐẠP VIỆT ANH,369,1,24430000.0,2,1,1,0.07863407174304071,D - Low,MEDIUM,Ít hoạt động / giá trị thấp,"Ưu tiên thấp, chăm sóc tự động",Đang hoạt động hoặc rủi ro thấp,"R=2, F=1, M=1, score=0.08"
KH-00171,CÔNG TY CỔ PHẦN QUANG VINH,397,1,24259259.0,1,1,1,0.0783482048235242,D - Low,MEDIUM,Ít hoạt động / giá trị thấp,"Ưu tiên thấp, chăm sóc tự động",Đang hoạt động hoặc rủi ro thấp,"R=1, F=1, M=1, score=0.08"
KH-00234,CÔNG TY TNHH KHẢI HOÀN,375,1,24220000.0,1,1,1,0.0780639823912883,D - Low,MEDIUM,Ít hoạt động / giá trị thấp,"Ưu tiên thấp, chăm sóc tự động",Đang hoạt động hoặc rủi ro thấp,"R=1, F=1, M=1, score=0.08"
KH-00087,CỬA HÀNG XE ĐẠP SÁN LẠP,410,1,24200000.0,1,1,1,0.07777818394991204,D - Low,MEDIUM,Ít hoạt động / giá trị thấp,"Ưu tiên thấp, chăm sóc tự động",Đang hoạt động hoặc rủi ro thấp,"R=1, F=1, M=1, score=0.08"
KH-00599,CÔNG TY CỔ PHẦN XÂY DỰNG,55,1,24137774.0,3,2,1,0.2834507886207704,C - Medium,MEDIUM,Theo dõi thêm,Theo dõi thêm,Bắt đầu có dấu hiệu giảm nhịp mua,"R=3, F=2, M=1, score=0.28"
KH-00058,DOANH NGHIỆP TW SÁN LẠP,414,1,24000000.0,1,1,1,0.07706588253654192,D - Low,MEDIUM,Ít hoạt động / giá trị thấp,"Ưu tiên thấp, chăm sóc tự động",Đang hoạt động hoặc rủi ro thấp,"R=1, F=1, M=1, score=0.08"
KH-00291,CÔNG TY TNHH VĨNH PHÁT,370,1,24000000.0,2,1,1,0.07706706794771256,D - Low,MEDIUM,Ít hoạt động / giá trị thấp,"Ưu tiên thấp, chăm sóc tự động",Đang hoạt động hoặc rủi ro thấp,"R=2, F=1, M=1, score=0.08"
KH-00296,CÔNG TY TNHH THƯƠNG MẠI HOÀ BÌNH,369,1,23580000.0,2,1,1,0.07663976974873872,D - Low,MEDIUM,Ít hoạt động / giá trị thấp,"Ưu tiên thấp, chăm sóc tự động",Đang hoạt động hoặc rủi ro thấp,"R=2, F=1, M=1, score=0.08"
KH-00017,CỬA HÀNG XE ĐẠP THUỶ TIÊN,445,1,23350000.0,1,1,1,0.07635340283658842,D - Low,MEDIUM,Ít hoạt động / giá trị thấp,"Ưu tiên thấp, chăm sóc tự động",Đang hoạt động hoặc rủi ro thấp,"R=1, F=1, M=1, score=0.08"
KH-00174,CÔNG TY CỔ PHẦN THƯƠNG MẠI LÊ ANH,390,1,23300000.0,1,1,1,0.07606916718366852,D - Low,MEDIUM,Ít hoạt động / giá trị thấp,"Ưu tiên thấp, chăm sóc tự động",Đang hoạt động hoặc rủi ro thấp,"R=1, F=1, M=1, score=0.08"
KH-00158,CÔNG TY TNHH THƯƠNG MẠI VIỆT ANH,399,1,23040000.0,1,1,1,0.07549916157119879,D - Low,MEDIUM,Ít hoạt động / giá trị thấp,"Ưu tiên thấp, chăm sóc tự động",Đang hoạt động hoặc rủi ro thấp,"R=1, F=1, M=1, score=0.08"
KH-00333,DOANH NGHIỆP TW ĐÔNG NAM,365,1,22970000.0,2,2,1,0.07521549555089005,D - Low,MEDIUM,Ít hoạt động / giá trị thấp,"Ưu tiên thấp, chăm sóc tự động",Đang hoạt động hoặc rủi ro thấp,"R=2, F=2, M=1, score=0.08"
KH-00233,DOANH NGHIỆP TW CHI THÀNH,375,1,22840000.0,1,1,1,0.07493007925738515,D - Low,MEDIUM,Ít hoạt động / giá trị thấp,"Ưu tiên thấp, chăm sóc tự động",Đang hoạt động hoặc rủi ro thấp,"R=1, F=1, M=1, score=0.07"
KH-00114,CỬA HÀNG XE ĐẠP NGỌC ANH,405,1,22550000.0,1,1,1,0.07464435447955488,D - Low,MEDIUM,Ít hoạt động / giá trị thấp,"Ưu tiên thấp, chăm sóc tự động",Đang hoạt động hoặc rủi ro thấp,"R=1, F=1, M=1, score=0.07"
KH-00280,CÔNG TY TNHH THƯƠNG MẠI MINH PHƯƠNG,371,1,22480000.0,1,1,1,0.0743604647250331,D - Low,MEDIUM,Ít hoạt động / giá trị thấp,"Ưu tiên thấp, chăm sóc tự động",Đang hoạt động hoặc rủi ro thấp,"R=1, F=1, M=1, score=0.07"
KH-00144,CỬA HÀNG XE ĐẠP QUANG VINH,402,1,22418078.0,1,1,1,0.07407460437451333,D - Low,MEDIUM,Ít hoạt động / giá trị thấp,"Ưu tiên thấp, chăm sóc tự động",Đang hoạt động hoặc rủi ro thấp,"R=1, F=1, M=1, score=0.07"
KH-00321,CỬA HÀNG XE ĐẠP VIỆT ANH,365,1,22250000.0,2,1,1,0.07350609384148835,D - Low,MEDIUM,Ít hoạt động / giá trị thấp,"Ưu tiên thấp, chăm sóc tự động",Đang hoạt động hoặc rủi ro thấp,"R=2, F=1, M=1, score=0.07"
KH-00125,HỘ KINH DOANH BÌNH MINH,404,1,21860000.0,1,1,1,0.07293496903423802,D - Low,MEDIUM,Ít hoạt động / giá trị thấp,"Ưu tiên thấp, chăm sóc tự động",Đang hoạt động hoặc rủi ro thấp,"R=1, F=1, M=1, score=0.07"
KH-00633,DOANH NGHIỆP TW KHẢI HOÀN,50,1,21803886.0,3,2,1,0.2887560336427193,C - Medium,MEDIUM,Theo dõi thêm,Theo dõi thêm,Bắt đầu có dấu hiệu giảm nhịp mua,"R=3, F=2, M=1, score=0.29"
KH-00329,HỘ KINH DOANH TRÍ ĐỨC,365,1,21666667.0,2,1,1,0.07236649270188719,D - Low,MEDIUM,Ít hoạt động / giá trị thấp,"Ưu tiên thấp, chăm sóc tự động",Đang hoạt động hoặc rủi ro thấp,"R=2, F=1, M=1, score=0.07"
KH-00309,CÔNG TY CỔ PHẦN PHÚC AN,368,1,21610000.0,2,1,1,0.07208141918899749,D - Low,MEDIUM,Ít hoạt động / giá trị thấp,"Ưu tiên thấp, chăm sóc tự động",Đang hoạt động hoặc rủi ro thấp,"R=2, F=1, M=1, score=0.07"
KH-00576,DOANH NGHIỆP TW THIÊN AN,59,1,21478325.0,3,2,1,0.2707677426033801,C - Medium,MEDIUM,Theo dõi thêm,Theo dõi thêm,Bắt đầu có dấu hiệu giảm nhịp mua,"R=3, F=2, M=1, score=0.27"
KH-00156,DOANH NGHIỆP TW VIỆT ANH,402,1,21250000.0,1,1,1,0.07122560152551047,D - Low,MEDIUM,Ít hoạt động / giá trị thấp,"Ưu tiên thấp, chăm sóc tự động",Đang hoạt động hoặc rủi ro thấp,"R=1, F=1, M=1, score=0.07"
KH-00315,CÔNG TY CỔ PHẦN THƯƠNG MẠI THUỶ TIÊN,368,1,20889981.0,2,1,1,0.07094181804939637,D - Low,MEDIUM,Ít hoạt động / giá trị thấp,"Ưu tiên thấp, chăm sóc tự động",Đang hoạt động hoặc rủi ro thấp,"R=2, F=1, M=1, score=0.07"
KH-00159,CÔNG TY TNHH THƯƠNG MẠI THANH BÌNH,389,2,20750000.0,1,2,1,0.136895404824822,D - Low,MEDIUM,Ít hoạt động / giá trị thấp,"Ưu tiên thấp, chăm sóc tự động",Đang hoạt động hoặc rủi ro thấp,"R=1, F=2, M=1, score=0.14"
KH-00297,CỬA HÀNG XE ĐẠP TÂY BẮC,369,1,20650000.0,2,1,1,0.07037196348093246,D - Low,MEDIUM,Ít hoạt động / giá trị thấp,"Ưu tiên thấp, chăm sóc tự động",Đang hoạt động hoặc rủi ro thấp,"R=2, F=1, M=1, score=0.07"
KH-00230,DOANH NGHIỆP TW ĐẠI LỢI,375,1,20440000.0,1,1,1,0.07008677441408032,D - Low,MEDIUM,Ít hoạt động / giá trị thấp,"Ưu tiên thấp, chăm sóc tự động",Đang hoạt động hoặc rủi ro thấp,"R=1, F=1, M=1, score=0.07"
KH-00638,CÔNG TY CỔ PHẦN THƯƠNG MẠI THANH BÌNH,49,1,20364997.0,3,2,1,0.28814771679305984,C - Medium,MEDIUM,Theo dõi thêm,Theo dõi thêm,Bắt đầu có dấu hiệu giảm nhịp mua,"R=3, F=2, M=1, score=0.29"
KH-00293,CÔNG TY TNHH THƯƠNG MẠI TÚ ANH,369,1,20277778.0,2,1,1,0.06951726262623159,D - Low,MEDIUM,Ít hoạt động / giá trị thấp,"Ưu tiên thấp, chăm sóc tự động",Đang hoạt động hoặc rủi ro thấp,"R=2, F=1, M=1, score=0.07"
KH-00271,CÔNG TY CỔ PHẦN THƯƠNG MẠI HÙNG CƯỜNG,371,1,20030000.0,1,1,1,0.06809265845722684,D - Low,MEDIUM,Ít hoạt động / giá trị thấp,"Ưu tiên thấp, chăm sóc tự động",Đang hoạt động hoặc rủi ro thấp,"R=1, F=1, M=1, score=0.07"
KH-00183,DOANH NGHIỆP TW LONG PHÚ,382,1,20000000.0,1,1,1,0.06780730069048532,D - Low,MEDIUM,Ít hoạt động / giá trị thấp,"Ưu tiên thấp, chăm sóc tự động",Đang hoạt động hoặc rủi ro thấp,"R=1, F=1, M=1, score=0.07"
KH-00637,CỬA HÀNG XE ĐẠP ĐẠI DƯƠNG,49,1,19377401.0,3,2,1,0.28586851451385753,C - Medium,MEDIUM,Theo dõi thêm,Theo dõi thêm,Bắt đầu có dấu hiệu giảm nhịp mua,"R=3, F=2, M=1, score=0.29"
KH-00313,DOANH NGHIỆP TW BÌNH MINH,368,1,18730000.0,2,1,1,0.06723811434569266,D - Low,MEDIUM,Ít hoạt động / giá trị thấp,"Ưu tiên thấp, chăm sóc tự động",Đang hoạt động hoặc rủi ro thấp,"R=2, F=1, M=1, score=0.07"
KH-00146,HỘ KINH DOANH LONG PHÚ,402,1,18640000.0,1,1,1,0.06695209725200621,D - Low,MEDIUM,Ít hoạt động / giá trị thấp,"Ưu tiên thấp, chăm sóc tự động",Đang hoạt động hoặc rủi ro thấp,"R=1, F=1, M=1, score=0.07"
KH-00274,CÔNG TY CỔ PHẦN THƯƠNG MẠI YÊN BÌNH,371,1,18170000.0,1,1,1,0.06666815703272543,D - Low,MEDIUM,Ít hoạt động / giá trị thấp,"Ưu tiên thấp, chăm sóc tự động",Đang hoạt động hoặc rủi ro thấp,"R=1, F=1, M=1, score=0.07"
KH-00045,CÔNG TY TNHH AN PHÁT,432,1,18111112.0,1,1,1,0.06638196146839563,D - Low,MEDIUM,Ít hoạt động / giá trị thấp,"Ưu tiên thấp, chăm sóc tự động",Đang hoạt động hoặc rủi ro thấp,"R=1, F=1, M=1, score=0.07"
KH-00669,CÔNG TY TNHH THƯƠNG MẠI LONG PHÚ,46,1,18054252.0,3,2,1,0.2916321452864075,C - Medium,MEDIUM,Theo dõi thêm,Theo dõi thêm,Bắt đầu có dấu hiệu giảm nhịp mua,"R=3, F=2, M=1, score=0.29"
KH-00320,HỘ KINH DOANH PHÚC AN,365,1,18020000.0,2,1,1,0.06581378614918064,D - Low,MEDIUM,Ít hoạt động / giá trị thấp,"Ưu tiên thấp, chăm sóc tự động",Đang hoạt động hoặc rủi ro thấp,"R=2, F=1, M=1, score=0.07"
KH-00228,CÔNG TY CỔ PHẦN THƯƠNG MẠI XUÂN MAI,375,1,18000000.0,1,1,1,0.06552836985567576,D - Low,MEDIUM,Ít hoạt động / giá trị thấp,"Ưu tiên thấp, chăm sóc tự động",Đang hoạt động hoặc rủi ro thấp,"R=1, F=1, M=1, score=0.07"
KH-00304,DOANH NGHIỆP TW TÚ ANH,368,1,17710000.0,2,1,1,0.06524381235139066,D - Low,MEDIUM,Ít hoạt động / giá trị thấp,"Ưu tiên thấp, chăm sóc tự động",Đang hoạt động hoặc rủi ro thấp,"R=2, F=1, M=1, score=0.07"
KH-00317,CỬA HÀNG XE ĐẠP THIÊN AN,368,1,17550000.0,2,1,1,0.06495891206649038,D - Low,MEDIUM,Ít hoạt động / giá trị thấp,"Ưu tiên thấp, chăm sóc tự động",Đang hoạt động hoặc rủi ro thấp,"R=2, F=1, M=1, score=0.06"
KH-00300,CÔNG TY TNHH THƯƠNG MẠI QUANG VINH,368,1,17490000.0,2,1,1,0.0646740117815901,D - Low,MEDIUM,Ít hoạt động / giá trị thấp,"Ưu tiên thấp, chăm sóc tự động",Đang hoạt động hoặc rủi ro thấp,"R=2, F=1, M=1, score=0.06"
KH-00123,CÔNG TY CỔ PHẦN THƯƠNG MẠI LONG PHÚ,404,1,17390000.0,1,1,1,0.06410306020232918,D - Low,MEDIUM,Ít hoạt động / giá trị thấp,"Ưu tiên thấp, chăm sóc tự động",Đang hoạt động hoặc rủi ro thấp,"R=1, F=1, M=1, score=0.06"
KH-00331,HỘ KINH DOANH ĐẠI DƯƠNG,365,1,16960000.0,2,1,1,0.06381948415487865,D - Low,MEDIUM,Ít hoạt động / giá trị thấp,"Ưu tiên thấp, chăm sóc tự động",Đang hoạt động hoặc rủi ro thấp,"R=2, F=1, M=1, score=0.06"
KH-00678,DOANH NGHIỆP TW MINH PHƯƠNG,35,1,16797398.0,3,2,1,0.32252389190287273,C - Medium,MEDIUM,Theo dõi thêm,Theo dõi thêm,Bắt đầu có dấu hiệu giảm nhịp mua,"R=3, F=2, M=1, score=0.32"
KH-00655,HỘ KINH DOANH TÂN TIẾN,46,1,16713883.0,3,2,1,0.28878314243740466,C - Medium,MEDIUM,Theo dõi thêm,Theo dõi thêm,Bắt đầu có dấu hiệu giảm nhịp mua,"R=3, F=2, M=1, score=0.29"
KH-00589,DOANH NGHIỆP TW KHẢI HOÀN,57,1,16527777.0,3,2,1,0.26502707940598497,C - Medium,MEDIUM,Theo dõi thêm,Theo dõi thêm,Bắt đầu có dấu hiệu giảm nhịp mua,"R=3, F=2, M=1, score=0.27"
KH-00306,CÔNG TY TNHH HOÀ BÌNH,368,1,16430000.0,2,1,1,0.062394809502387814,D - Low,MEDIUM,Ít hoạt động / giá trị thấp,"Ưu tiên thấp, chăm sóc tự động",Đang hoạt động hoặc rủi ro thấp,"R=2, F=1, M=1, score=0.06"
KH-00322,CÔNG TY TNHH THƯƠNG MẠI THANH BÌNH,365,1,16380000.0,2,1,1,0.062110082445476944,D - Low,MEDIUM,Ít hoạt động / giá trị thấp,"Ưu tiên thấp, chăm sóc tự động",Đang hoạt động hoặc rủi ro thấp,"R=2, F=1, M=1, score=0.06"
KH-00592,CỬA HÀNG XE ĐẠP SÁN LẠP,56,1,14944444.0,3,2,1,0.2642373527061993,C - Medium,MEDIUM,Theo dõi thêm,Theo dõi thêm,Bắt đầu có dấu hiệu giảm nhịp mua,"R=3, F=2, M=1, score=0.26"
KH-00290,CÔNG TY CỔ PHẦN THƯƠNG MẠI TÂY BẮC,370,1,14702643.0,2,1,1,0.059830600711245324,D - Low,MEDIUM,Ít hoạt động / giá trị thấp,"Ưu tiên thấp, chăm sóc tự động",Đang hoạt động hoặc rủi ro thấp,"R=2, F=1, M=1, score=0.06"
KH-00150,HỘ KINH DOANH SÁN LẠP,402,1,14582643.0,1,1,1,0.05954468984459879,D - Low,MEDIUM,Ít hoạt động / giá trị thấp,"Ưu tiên thấp, chăm sóc tự động",Đang hoạt động hoặc rủi ro thấp,"R=1, F=1, M=1, score=0.06"
KH-00632,CỬA HÀNG XE ĐẠP LONG PHÚ,50,1,13301104.0,3,2,1,0.2750808199675056,C - Medium,MEDIUM,Theo dõi thêm,Theo dõi thêm,Bắt đầu có dấu hiệu giảm nhịp mua,"R=3, F=2, M=1, score=0.28"
KH-00025,DOANH NGHIỆP TW SƠN HÀ,442,1,13277778.0,1,1,1,0.05868959847513682,D - Low,MEDIUM,Ít hoạt động / giá trị thấp,"Ưu tiên thấp, chăm sóc tự động",Đang hoạt động hoặc rủi ro thấp,"R=1, F=1, M=1, score=0.06"
KH-00682,DOANH NGHIỆP TW TRƯỜNG THỊNH,35,1,13187212.0,3,2,1,0.3173956867746676,C - Medium,MEDIUM,Theo dõi thêm,Theo dõi thêm,Bắt đầu có dấu hiệu giảm nhịp mua,"R=3, F=2, M=1, score=0.32"
KH-00303,CÔNG TY CỔ PHẦN BÌNH MINH,368,1,12980000.0,2,1,1,0.05812130522888354,D - Low,MEDIUM,Ít hoạt động / giá trị thấp,"Ưu tiên thấp, chăm sóc tự động",Đang hoạt động hoặc rủi ro thấp,"R=2, F=1, M=1, score=0.06"
KH-00001,HỘ KINH DOANH TÚ ANH,370,3,11527779.0,2,3,1,0.16812832150896612,D - Low,MEDIUM,Theo dõi thêm,Theo dõi thêm,Đang hoạt động hoặc rủi ro thấp,"R=2, F=3, M=1, score=0.17"
KH-00645,CỬA HÀNG XE ĐẠP QUANG VINH,48,2,11398330.0,3,3,1,0.3441680548024029,C - Medium,MEDIUM,Theo dõi thêm,Theo dõi thêm,Bắt đầu có dấu hiệu giảm nhịp mua,"R=3, F=3, M=1, score=0.34"
KH-00033,CỬA HÀNG XE ĐẠP HÙNG CƯỜNG,438,1,11064815.0,1,1,1,0.05698021670347986,D - Low,MEDIUM,Ít hoạt động / giá trị thấp,"Ưu tiên thấp, chăm sóc tự động",Đang hoạt động hoặc rủi ro thấp,"R=1, F=1, M=1, score=0.06"
KH-00323,CÔNG TY CỔ PHẦN PHÚ THỊNH,365,1,10850000.0,2,1,1,0.05669697703237153,D - Low,MEDIUM,Ít hoạt động / giá trị thấp,"Ưu tiên thấp, chăm sóc tự động",Đang hoạt động hoặc rủi ro thấp,"R=2, F=1, M=1, score=0.06"
KH-00591,CÔNG TY TNHH THƯƠNG MẠI KHẢI HOÀN,56,1,9157407.0,3,2,1,0.25982139829024486,C - Medium,MEDIUM,Theo dõi thêm,Theo dõi thêm,Bắt đầu có dấu hiệu giảm nhịp mua,"R=3, F=2, M=1, score=0.26"
KH-00090,CÔNG TY TNHH THƯƠNG MẠI TÂY BẮC,409,1,8518519.0,1,1,1,0.055271075210040134,D - Low,MEDIUM,Ít hoạt động / giá trị thấp,"Ưu tiên thấp, chăm sóc tự động",Đang hoạt động hoặc rủi ro thấp,"R=1, F=1, M=1, score=0.06"
KH-00361,CÔNG TY CỔ PHẦN THƯƠNG MẠI TÂY BẮC,56,2,8055557.0,3,3,1,0.3253484638173104,C - Medium,MEDIUM,Theo dõi thêm,Theo dõi thêm,Bắt đầu có dấu hiệu giảm nhịp mua,"R=3, F=3, M=1, score=0.33"
KH-00026,CÔNG TY CỔ PHẦN LÊ ANH,442,1,7777778.0,1,1,1,0.05470099448653283,D - Low,MEDIUM,Ít hoạt động / giá trị thấp,"Ưu tiên thấp, chăm sóc tự động",Đang hoạt động hoặc rủi ro thấp,"R=1, F=1, M=1, score=0.05"
KH-00175,CÔNG TY CỔ PHẦN THƯƠNG MẠI TÂN TIẾN,390,1,7490741.0,1,1,1,0.05398939510389643,D - Low,MEDIUM,Ít hoạt động / giá trị thấp,"Ưu tiên thấp, chăm sóc tự động",Đang hoạt động hoặc rủi ro thấp,"R=1, F=1, M=1, score=0.05"
KH-00253,CÔNG TY TNHH YÊN BÌNH,372,1,7490741.0,1,1,1,0.053990045494651626,D - Low,MEDIUM,Ít hoạt động / giá trị thấp,"Ưu tiên thấp, chăm sóc tự động",Đang hoạt động hoặc rủi ro thấp,"R=1, F=1, M=1, score=0.05"
KH-00012,HỘ KINH DOANH THIÊN AN,386,2,5185186.0,1,2,1,0.11908922304102793,D - Low,MEDIUM,Ít hoạt động / giá trị thấp,"Ưu tiên thấp, chăm sóc tự động",Đang hoạt động hoặc rủi ro thấp,"R=1, F=2, M=1, score=0.12"
KH-00593,CÔNG TY CỔ PHẦN NGỌC ANH,50,2,5185186.0,3,3,1,0.3351947800814657,C - Medium,MEDIUM,Theo dõi thêm,Theo dõi thêm,Bắt đầu có dấu hiệu giảm nhịp mua,"R=3, F=3, M=1, score=0.34"
KH-00055,CÔNG TY TNHH THƯƠNG MẠI TÂY BẮC,414,1,4983333.0,1,1,1,0.05242200789266727,D - Low,MEDIUM,Ít hoạt động / giá trị thấp,"Ưu tiên thấp, chăm sóc tự động",Đang hoạt động hoặc rủi ro thấp,"R=1, F=1, M=1, score=0.05"
KH-00031,CÔNG TY CỔ PHẦN THƯƠNG MẠI ĐẠI DƯƠNG,439,1,4907408.0,1,1,1,0.05185200633891808,D - Low,MEDIUM,Ít hoạt động / giá trị thấp,"Ưu tiên thấp, chăm sóc tự động",Đang hoạt động hoặc rủi ro thấp,"R=1, F=1, M=1, score=0.05"
KH-00627,CÔNG TY CỔ PHẦN KHẢI HOÀN,50,1,4527778.0,3,2,1,0.2669611618478475,C - Medium,MEDIUM,Theo dõi thêm,Theo dõi thêm,Bắt đầu có dấu hiệu giảm nhịp mua,"R=3, F=2, M=1, score=0.27"
KH-00643,CÔNG TY TNHH TÂY BẮC,48,1,4527778.0,3,2,1,0.27151848215283025,C - Medium,MEDIUM,Theo dõi thêm,Theo dõi thêm,Bắt đầu có dấu hiệu giảm nhịp mua,"R=3, F=2, M=1, score=0.27"
KH-00005,CÔNG TY TNHH ĐẠI LỢI,448,1,4425926.0,1,1,1,0.050142564589283664,D - Low,MEDIUM,Ít hoạt động / giá trị thấp,"Ưu tiên thấp, chăm sóc tự động",Đang hoạt động hoặc rủi ro thấp,"R=1, F=1, M=1, score=0.05"
KH-00179,CÔNG TY CỔ PHẦN TÂN TIẾN,386,1,4240741.0,1,1,1,0.04985845381025869,D - Low,MEDIUM,Ít hoạt động / giá trị thấp,"Ưu tiên thấp, chăm sóc tự động",Đang hoạt động hoặc rủi ro thấp,"R=1, F=1, M=1, score=0.05"
KH-00029,CÔNG TY TNHH THƯƠNG MẠI THANH BÌNH,439,1,4055556.0,1,1,1,0.0495728040597158,D - Low,MEDIUM,Ít hoạt động / giá trị thấp,"Ưu tiên thấp, chăm sóc tự động",Đang hoạt động hoặc rủi ro thấp,"R=1, F=1, M=1, score=0.05"
KH-00037,CÔNG TY TNHH THƯƠNG MẠI THANH BÌNH,435,1,3879630.0,1,1,1,0.049287925809431185,D - Low,MEDIUM,Ít hoạt động / giá trị thấp,"Ưu tiên thấp, chăm sóc tự động",Đang hoạt động hoặc rủi ro thấp,"R=1, F=1, M=1, score=0.05"
KH-00053,CÔNG TY TNHH TRƯỜNG THỊNH,417,1,3694444.0,1,1,1,0.04871827036142398,D - Low,MEDIUM,Ít hoạt động / giá trị thấp,"Ưu tiên thấp, chăm sóc tự động",Đang hoạt động hoặc rủi ro thấp,"R=1, F=1, M=1, score=0.05"
KH-00695,CÔNG TY CỔ PHẦN THƯƠNG MẠI AN PHÁT,32,1,3518519.0,3,2,1,0.3188868738359428,C - Medium,MEDIUM,Theo dõi thêm,Theo dõi thêm,Bắt đầu có dấu hiệu giảm nhịp mua,"R=3, F=2, M=1, score=0.32"
KH-00002,CÔNG TY TNHH THƯƠNG MẠI VIỆT ANH,449,1,3509259.0,1,1,1,0.048005808700518036,D - Low,MEDIUM,Ít hoạt động / giá trị thấp,"Ưu tiên thấp, chăm sóc tự động",Đang hoạt động hoặc rủi ro thấp,"R=1, F=1, M=1, score=0.05"
KH-00071,CỬA HÀNG XE ĐẠP BÌNH MINH,410,1,3509259.0,1,1,1,0.04800610417783227,D - Low,MEDIUM,Ít hoạt động / giá trị thấp,"Ưu tiên thấp, chăm sóc tự động",Đang hoạt động hoặc rủi ro thấp,"R=1, F=1, M=1, score=0.05"
KH-00619,CỬA HÀNG XE ĐẠP VĨNH PHÁT,52,1,3231481.0,3,2,1,0.25913650330825616,C - Medium,MEDIUM,Theo dõi thêm,Theo dõi thêm,Bắt đầu có dấu hiệu giảm nhịp mua,"R=3, F=2, M=1, score=0.26"
KH-00160,CÔNG TY TNHH THƯƠNG MẠI TRÍ ĐỨC,398,1,2768519.0,1,1,1,0.046154452091467554,D - Low,MEDIUM,Ít hoạt động / giá trị thấp,"Ưu tiên thấp, chăm sóc tự động",Đang hoạt động hoặc rủi ro thấp,"R=1, F=1, M=1, score=0.05"
KH-00187,HỘ KINH DOANH NGỌC ANH,378,1,2768519.0,1,1,1,0.046155026359178106,D - Low,MEDIUM,Ít hoạt động / giá trị thấp,"Ưu tiên thấp, chăm sóc tự động",Đang hoạt động hoặc rủi ro thấp,"R=1, F=1, M=1, score=0.05"
KH-00191,CÔNG TY CỔ PHẦN THƯƠNG MẠI XUÂN MAI,377,1,2768519.0,1,1,1,0.0461550663623718,D - Low,MEDIUM,Ít hoạt động / giá trị thấp,"Ưu tiên thấp, chăm sóc tự động",Đang hoạt động hoặc rủi ro thấp,"R=1, F=1, M=1, score=0.05"
KH-00616,CÔNG TY CỔ PHẦN TRÍ ĐỨC,53,1,2768519.0,3,2,1,0.25596944563437984,C - Medium,MEDIUM,Theo dõi thêm,Theo dõi thêm,Bắt đầu có dấu hiệu giảm nhịp mua,"R=3, F=2, M=1, score=0.26"
KH-00675,CỬA HÀNG XE ĐẠP SÁN LẠP,37,1,2768519.0,3,2,1,0.298115808050561,C - Medium,MEDIUM,Theo dõi thêm,Theo dõi thêm,Bắt đầu có dấu hiệu giảm nhịp mua,"R=3, F=2, M=1, score=0.3"
KH-00185,CÔNG TY TNHH THƯƠNG MẠI VĨNH PHÁT,379,1,2546296.0,1,1,1,0.045015386527843954,D - Low,MEDIUM,Ít hoạt động / giá trị thấp,"Ưu tiên thấp, chăm sóc tự động",Đang hoạt động hoặc rủi ro thấp,"R=1, F=1, M=1, score=0.05"
KH-00685,CÔNG TY CỔ PHẦN MẶT TRỜI,34,1,2500000.0,3,2,1,0.30741473976753125,C - Medium,MEDIUM,Theo dõi thêm,Theo dõi thêm,Bắt đầu có dấu hiệu giảm nhịp mua,"R=3, F=2, M=1, score=0.31"
KH-00013,DOANH NGHIỆP TW THANH BÌNH,445,1,2490741.0,1,1,1,0.04444457092775652,D - Low,MEDIUM,Ít hoạt động / giá trị thấp,"Ưu tiên thấp, chăm sóc tự động",Đang hoạt động hoặc rủi ro thấp,"R=1, F=1, M=1, score=0.04"
KH-00054,HỘ KINH DOANH TRÍ ĐỨC,414,1,2398148.0,1,1,1,0.04387499934565873,D - Low,MEDIUM,Ít hoạt động / giá trị thấp,"Ưu tiên thấp, chăm sóc tự động",Đang hoạt động hoặc rủi ro thấp,"R=1, F=1, M=1, score=0.04"
KH-00286,DOANH NGHIỆP TW VIỆT ANH,370,1,2398148.0,2,1,1,0.04387618475682937,D - Low,MEDIUM,Ít hoạt động / giá trị thấp,"Ưu tiên thấp, chăm sóc tự động",Đang hoạt động hoặc rủi ro thấp,"R=2, F=1, M=1, score=0.04"
KH-00642,CÔNG TY CỔ PHẦN HOÀ BÌNH,48,1,2398148.0,3,2,1,0.26453842517277326,C - Medium,MEDIUM,Theo dõi thêm,Theo dõi thêm,Bắt đầu có dấu hiệu giảm nhịp mua,"R=3, F=2, M=1, score=0.26"
KH-00050,CÔNG TY TNHH AN PHÁT,417,1,2305556.0,1,1,1,0.04216556380871743,D - Low,MEDIUM,Ít hoạt động / giá trị thấp,"Ưu tiên thấp, chăm sóc tự động",Đang hoạt động hoặc rủi ro thấp,"R=1, F=1, M=1, score=0.04"
KH-00213,CÔNG TY CỔ PHẦN HOÀ BÌNH,376,1,2305556.0,1,1,1,0.0421665037328743,D - Low,MEDIUM,Ít hoạt động / giá trị thấp,"Ưu tiên thấp, chăm sóc tự động",Đang hoạt động hoặc rủi ro thấp,"R=1, F=1, M=1, score=0.04"
KH-00294,HỘ KINH DOANH SÁN LẠP,369,1,2305556.0,2,1,1,0.04216683527580425,D - Low,MEDIUM,Ít hoạt động / giá trị thấp,"Ưu tiên thấp, chăm sóc tự động",Đang hoạt động hoặc rủi ro thấp,"R=2, F=1, M=1, score=0.04"
KH-00590,CÔNG TY TNHH TOÀN THẮNG,57,1,2268519.0,3,2,1,0.24394445832336387,C - Medium,MEDIUM,Theo dõi thêm,Theo dõi thêm,Bắt đầu có dấu hiệu giảm nhịp mua,"R=3, F=2, M=1, score=0.24"
KH-00052,DOANH NGHIỆP TW TÂN TIẾN,417,1,2212963.0,1,1,1,0.041168412811566434,D - Low,MEDIUM,Ít hoạt động / giá trị thấp,"Ưu tiên thấp, chăm sóc tự động",Đang hoạt động hoặc rủi ro thấp,"R=1, F=1, M=1, score=0.04"
KH-00178,CÔNG TY CỔ PHẦN QUANG VINH,386,1,2212963.0,1,1,1,0.0411689951208,D - Low,MEDIUM,Ít hoạt động / giá trị thấp,"Ưu tiên thấp, chăm sóc tự động",Đang hoạt động hoặc rủi ro thấp,"R=1, F=1, M=1, score=0.04"
KH-00032,HỘ KINH DOANH CHI THÀNH,439,1,1935185.0,1,1,1,0.040455994942906685,D - Low,MEDIUM,Ít hoạt động / giá trị thấp,"Ưu tiên thấp, chăm sóc tự động",Đang hoạt động hoặc rủi ro thấp,"R=1, F=1, M=1, score=0.04"
KH-00176,CÔNG TY TNHH THUỶ TIÊN,389,1,1472222.0,1,1,1,0.04017175810117525,D - Low,MEDIUM,Ít hoạt động / giá trị thấp,"Ưu tiên thấp, chăm sóc tự động",Đang hoạt động hoặc rủi ro thấp,"R=1, F=1, M=1, score=0.04"
